cfg	dataset	mode	kernel	old_cyc	new_cyc	d_pct	share_of_new_total_pct
cross	ERR1203383	PE	WORKER_ALIGNMENT	1.430e+11	1.250e+11	-12.6	98.8
cross	ERR1203383	PE	MEM_CHAIN	6.600e+10	5.900e+10	-10.6	46.6
cross	ERR1203383	PE	CHAIN_FILTER	4.646e+09	4.838e+09	+4.1	3.8
cross	ERR1203383	PE	CHAIN_EXTENSION	1.700e+10	1.400e+10	-17.6	11.1
cross	ERR1203383	PE	ALIGNMENT_FINALIZE	1.931e+09	2.399e+09	+24.2	1.9
cross	ERR1203383	PE	MATE_RESCUE	4.000e+10	3.200e+10	-20.0	25.3
cross	ERR1203383	PE	PAIRING	1.897e+09	1.333e+09	-29.7	1.1
cross	ERR1203383	PE	SAM_FORMAT	5.300e+10	4.300e+10	-18.9	34.0
cross	ERR1203383	PE	SAM_COPY	9.480e+08	1.507e+09	+59.0	1.2
cross	ERR1203383	SE	WORKER_ALIGNMENT	5.900e+10	5.200e+10	-11.9	97.7
cross	ERR1203383	SE	MEM_CHAIN	3.800e+10	3.400e+10	-10.5	63.9
cross	ERR1203383	SE	CHAIN_FILTER	2.442e+09	2.384e+09	-2.4	4.5
cross	ERR1203383	SE	CHAIN_EXTENSION	9.743e+09	7.538e+09	-22.6	14.2
cross	ERR1203383	SE	ALIGNMENT_FINALIZE	9.980e+08	1.290e+09	+29.3	2.4
cross	ERR1203383	SE	MATE_RESCUE	0.000e+00	0.000e+00	+nan	0.0
cross	ERR1203383	SE	PAIRING	0.000e+00	0.000e+00	+nan	0.0
cross	ERR1203383	SE	SAM_FORMAT	6.905e+09	5.863e+09	-15.1	11.0
cross	ERR1203383	SE	SAM_COPY	5.330e+08	1.212e+09	+127.4	2.3
cross	SRR2496709	PE	WORKER_ALIGNMENT	1.390e+11	1.220e+11	-12.2	98.9
cross	SRR2496709	PE	MEM_CHAIN	6.800e+10	6.200e+10	-8.8	50.3
cross	SRR2496709	PE	CHAIN_FILTER	3.555e+09	3.649e+09	+2.6	3.0
cross	SRR2496709	PE	CHAIN_EXTENSION	2.000e+10	1.800e+10	-10.0	14.6
cross	SRR2496709	PE	ALIGNMENT_FINALIZE	1.635e+09	2.054e+09	+25.6	1.7
cross	SRR2496709	PE	MATE_RESCUE	3.100e+10	2.400e+10	-22.6	19.5
cross	SRR2496709	PE	PAIRING	1.388e+09	1.066e+09	-23.2	0.9
cross	SRR2496709	PE	SAM_FORMAT	4.400e+10	3.600e+10	-18.2	29.2
cross	SRR2496709	PE	SAM_COPY	8.290e+08	1.321e+09	+59.3	1.1
cross	SRR2496709	SE	WORKER_ALIGNMENT	5.700e+10	5.100e+10	-10.5	98.0
cross	SRR2496709	SE	MEM_CHAIN	3.700e+10	3.300e+10	-10.8	63.4
cross	SRR2496709	SE	CHAIN_FILTER	1.802e+09	1.737e+09	-3.6	3.3
cross	SRR2496709	SE	CHAIN_EXTENSION	1.000e+10	8.579e+09	-14.2	16.5
cross	SRR2496709	SE	ALIGNMENT_FINALIZE	8.220e+08	1.096e+09	+33.3	2.1
cross	SRR2496709	SE	MATE_RESCUE	0.000e+00	0.000e+00	+nan	0.0
cross	SRR2496709	SE	PAIRING	0.000e+00	0.000e+00	+nan	0.0
cross	SRR2496709	SE	SAM_FORMAT	6.233e+09	5.573e+09	-10.6	10.7
cross	SRR2496709	SE	SAM_COPY	5.010e+08	1.048e+09	+109.2	2.0
cross	small_SRR7963242	PE	WORKER_ALIGNMENT	4.480e+11	3.620e+11	-19.2	99.7
cross	small_SRR7963242	PE	MEM_CHAIN	1.030e+11	9.400e+10	-8.7	25.9
cross	small_SRR7963242	PE	CHAIN_FILTER	1.500e+10	1.400e+10	-6.7	3.9
cross	small_SRR7963242	PE	CHAIN_EXTENSION	8.400e+10	8.000e+10	-4.8	22.0
cross	small_SRR7963242	PE	ALIGNMENT_FINALIZE	5.410e+09	6.844e+09	+26.5	1.9
cross	small_SRR7963242	PE	MATE_RESCUE	2.270e+11	1.540e+11	-32.2	42.4
cross	small_SRR7963242	PE	PAIRING	1.665e+09	1.159e+09	-30.4	0.3
cross	small_SRR7963242	PE	SAM_FORMAT	2.400e+11	1.660e+11	-30.8	45.7
cross	small_SRR7963242	PE	SAM_COPY	7.020e+08	1.073e+09	+52.8	0.3
cross	small_SRR7963242	SE	WORKER_ALIGNMENT	1.070e+11	9.600e+10	-10.3	99.1
cross	small_SRR7963242	SE	MEM_CHAIN	5.500e+10	4.800e+10	-12.7	49.6
cross	small_SRR7963242	SE	CHAIN_FILTER	6.634e+09	6.073e+09	-8.5	6.3
cross	small_SRR7963242	SE	CHAIN_EXTENSION	3.600e+10	3.300e+10	-8.3	34.1
cross	small_SRR7963242	SE	ALIGNMENT_FINALIZE	2.363e+09	3.023e+09	+27.9	3.1
cross	small_SRR7963242	SE	MATE_RESCUE	0.000e+00	0.000e+00	+nan	0.0
cross	small_SRR7963242	SE	PAIRING	0.000e+00	0.000e+00	+nan	0.0
cross	small_SRR7963242	SE	SAM_FORMAT	5.746e+09	5.191e+09	-9.7	5.4
cross	small_SRR7963242	SE	SAM_COPY	4.140e+08	8.320e+08	+101.0	0.9
single	ERR1203383	PE	WORKER_ALIGNMENT	8.650e+11	6.610e+11	-23.6	99.1
single	ERR1203383	PE	MEM_CHAIN	3.400e+11	3.210e+11	-5.6	48.1
single	ERR1203383	PE	CHAIN_FILTER	3.000e+10	2.600e+10	-13.3	3.9
single	ERR1203383	PE	CHAIN_EXTENSION	7.000e+10	6.500e+10	-7.1	9.7
single	ERR1203383	PE	ALIGNMENT_FINALIZE	2.700e+10	1.100e+10	-59.3	1.6
single	ERR1203383	PE	MATE_RESCUE	3.340e+11	1.790e+11	-46.4	26.8
single	ERR1203383	PE	PAIRING	6.954e+09	5.750e+09	-17.3	0.9
single	ERR1203383	PE	SAM_FORMAT	3.860e+11	2.330e+11	-39.6	34.9
single	ERR1203383	PE	SAM_COPY	5.938e+09	6.027e+09	+1.5	0.9
single	ERR1203383	SE	WORKER_ALIGNMENT	2.870e+11	2.560e+11	-10.8	98.7
single	ERR1203383	SE	MEM_CHAIN	1.860e+11	1.740e+11	-6.5	67.1
single	ERR1203383	SE	CHAIN_FILTER	1.500e+10	1.300e+10	-13.3	5.0
single	ERR1203383	SE	CHAIN_EXTENSION	3.500e+10	3.200e+10	-8.6	12.3
single	ERR1203383	SE	ALIGNMENT_FINALIZE	1.500e+10	5.827e+09	-61.2	2.2
single	ERR1203383	SE	MATE_RESCUE	0.000e+00	0.000e+00	+nan	0.0
single	ERR1203383	SE	PAIRING	0.000e+00	0.000e+00	+nan	0.0
single	ERR1203383	SE	SAM_FORMAT	2.700e+10	2.700e+10	+0.0	10.4
single	ERR1203383	SE	SAM_COPY	3.275e+09	3.284e+09	+0.3	1.3
single	SRR2496709	PE	WORKER_ALIGNMENT	8.390e+11	6.660e+11	-20.6	99.2
single	SRR2496709	PE	MEM_CHAIN	3.730e+11	3.420e+11	-8.3	50.9
single	SRR2496709	PE	CHAIN_FILTER	2.400e+10	2.000e+10	-16.7	3.0
single	SRR2496709	PE	CHAIN_EXTENSION	9.800e+10	9.200e+10	-6.1	13.7
single	SRR2496709	PE	ALIGNMENT_FINALIZE	2.100e+10	9.452e+09	-55.0	1.4
single	SRR2496709	PE	MATE_RESCUE	2.560e+11	1.430e+11	-44.1	21.3
single	SRR2496709	PE	PAIRING	5.709e+09	4.715e+09	-17.4	0.7
single	SRR2496709	PE	SAM_FORMAT	3.120e+11	1.980e+11	-36.5	29.5
single	SRR2496709	PE	SAM_COPY	5.589e+09	5.659e+09	+1.3	0.8
single	SRR2496709	SE	WORKER_ALIGNMENT	2.900e+11	2.610e+11	-10.0	98.8
single	SRR2496709	SE	MEM_CHAIN	1.880e+11	1.740e+11	-7.4	65.9
single	SRR2496709	SE	CHAIN_FILTER	1.100e+10	9.760e+09	-11.3	3.7
single	SRR2496709	SE	CHAIN_EXTENSION	4.600e+10	4.300e+10	-6.5	16.3
single	SRR2496709	SE	ALIGNMENT_FINALIZE	1.100e+10	4.720e+09	-57.1	1.8
single	SRR2496709	SE	MATE_RESCUE	0.000e+00	0.000e+00	+nan	0.0
single	SRR2496709	SE	PAIRING	0.000e+00	0.000e+00	+nan	0.0
single	SRR2496709	SE	SAM_FORMAT	2.600e+10	2.600e+10	+0.0	9.8
single	SRR2496709	SE	SAM_COPY	3.226e+09	3.225e+09	-0.0	1.2
single	small_SRR7963242	PE	WORKER_ALIGNMENT	3.413e+12	2.106e+12	-38.3	99.8
single	small_SRR7963242	PE	MEM_CHAIN	6.010e+11	5.730e+11	-4.7	27.1
single	small_SRR7963242	PE	CHAIN_FILTER	1.160e+11	8.800e+10	-24.1	4.2
single	small_SRR7963242	PE	CHAIN_EXTENSION	4.710e+11	4.400e+11	-6.6	20.8
single	small_SRR7963242	PE	ALIGNMENT_FINALIZE	8.300e+10	3.300e+10	-60.2	1.6
single	small_SRR7963242	PE	MATE_RESCUE	2.065e+12	9.050e+11	-56.2	42.9
single	small_SRR7963242	PE	PAIRING	8.167e+09	5.717e+09	-30.0	0.3
single	small_SRR7963242	PE	SAM_FORMAT	2.134e+12	9.690e+11	-54.6	45.9
single	small_SRR7963242	PE	SAM_COPY	4.609e+09	4.703e+09	+2.0	0.2
single	small_SRR7963242	SE	WORKER_ALIGNMENT	6.130e+11	5.480e+11	-10.6	99.5
single	small_SRR7963242	SE	MEM_CHAIN	2.980e+11	2.860e+11	-4.0	51.9
single	small_SRR7963242	SE	CHAIN_FILTER	5.000e+10	3.900e+10	-22.0	7.1
single	small_SRR7963242	SE	CHAIN_EXTENSION	1.920e+11	1.790e+11	-6.8	32.5
single	small_SRR7963242	SE	ALIGNMENT_FINALIZE	3.900e+10	1.400e+10	-64.1	2.5
single	small_SRR7963242	SE	MATE_RESCUE	0.000e+00	0.000e+00	+nan	0.0
single	small_SRR7963242	SE	PAIRING	0.000e+00	0.000e+00	+nan	0.0
single	small_SRR7963242	SE	SAM_FORMAT	2.900e+10	2.800e+10	-3.4	5.1
single	small_SRR7963242	SE	SAM_COPY	2.546e+09	2.553e+09	+0.3	0.5
