cfg	dataset	mode	kernel	new_cyc	share_of_new_total_pct
cross	ERR1203383	PE	WORKER_ALIGNMENT	1.250e+11	98.8
cross	ERR1203383	PE	MEM_CHAIN	5.900e+10	46.6
cross	ERR1203383	PE	CHAIN_FILTER	4.838e+09	3.8
cross	ERR1203383	PE	CHAIN_EXTENSION	1.400e+10	11.1
cross	ERR1203383	PE	ALIGNMENT_FINALIZE	2.399e+09	1.9
cross	ERR1203383	PE	MATE_RESCUE	3.200e+10	25.3
cross	ERR1203383	PE	PAIRING	1.333e+09	1.1
cross	ERR1203383	PE	SAM_FORMAT	4.300e+10	34.0
cross	ERR1203383	PE	SAM_COPY	1.507e+09	1.2
cross	ERR1203383	PE	MEM_CHAIN_COLLECT	3.400e+10	26.9
cross	ERR1203383	PE	MEM_CHAIN_BUILD	2.300e+10	18.2
cross	ERR1203383	PE	CHAIN_EXTENSION_DP	6.062e+09	4.8
cross	ERR1203383	PE	MATE_REF_FETCH	5.220e+08	0.4
cross	ERR1203383	PE	MATE_KSW_ALIGN	2.000e+10	15.8
cross	ERR1203383	PE	KSW_QUERY_INIT_FORWARD	7.630e+08	0.6
cross	ERR1203383	PE	KSW_DP_FORWARD	1.600e+10	12.6
cross	ERR1203383	PE	KSW_QUERY_INIT_REVERSE	3.890e+08	0.3
cross	ERR1203383	PE	KSW_DP_REVERSE	2.155e+09	1.7
cross	ERR1203383	PE	MATE_DEDUP	8.896e+09	7.0
cross	ERR1203383	PE	DEDUP_SORT_END	3.129e+09	2.5
cross	ERR1203383	PE	DEDUP_REDUNDANCY	6.670e+08	0.5
cross	ERR1203383	PE	DEDUP_SORT_SCORE	4.925e+09	3.9
cross	ERR1203383	PE	MEM_COLLECT_FIRST	1.200e+10	9.5
cross	ERR1203383	PE	MEM_COLLECT_SPLIT	1.100e+10	8.7
cross	ERR1203383	PE	MEM_COLLECT_LAST	8.511e+09	6.7
cross	ERR1203383	PE	MEM_COLLECT_SORT	2.902e+09	2.3
cross	ERR1203383	PE	CHAIN_BUILD_REPETITIVE	6.300e+07	0.0
cross	ERR1203383	PE	CHAIN_BUILD_SA	1.600e+10	12.6
cross	ERR1203383	PE	CHAIN_BUILD_RID	1.426e+09	1.1
cross	ERR1203383	PE	CHAIN_BUILD_TREE_SEARCH	3.390e+08	0.3
cross	ERR1203383	PE	CHAIN_BUILD_MERGE	1.410e+08	0.1
cross	ERR1203383	PE	CHAIN_BUILD_INSERT	1.483e+09	1.2
cross	ERR1203383	PE	CHAIN_BUILD_FINALIZE	3.157e+09	2.5
cross	ERR1203383	SE	WORKER_ALIGNMENT	5.200e+10	97.7
cross	ERR1203383	SE	MEM_CHAIN	3.400e+10	63.9
cross	ERR1203383	SE	CHAIN_FILTER	2.384e+09	4.5
cross	ERR1203383	SE	CHAIN_EXTENSION	7.538e+09	14.2
cross	ERR1203383	SE	ALIGNMENT_FINALIZE	1.290e+09	2.4
cross	ERR1203383	SE	MATE_RESCUE	0.000e+00	0.0
cross	ERR1203383	SE	PAIRING	0.000e+00	0.0
cross	ERR1203383	SE	SAM_FORMAT	5.863e+09	11.0
cross	ERR1203383	SE	SAM_COPY	1.212e+09	2.3
cross	ERR1203383	SE	MEM_CHAIN_COLLECT	2.000e+10	37.6
cross	ERR1203383	SE	MEM_CHAIN_BUILD	1.400e+10	26.3
cross	ERR1203383	SE	CHAIN_EXTENSION_DP	3.020e+09	5.7
cross	ERR1203383	SE	MATE_REF_FETCH	0.000e+00	0.0
cross	ERR1203383	SE	MATE_KSW_ALIGN	0.000e+00	0.0
cross	ERR1203383	SE	KSW_QUERY_INIT_FORWARD	0.000e+00	0.0
cross	ERR1203383	SE	KSW_DP_FORWARD	0.000e+00	0.0
cross	ERR1203383	SE	KSW_QUERY_INIT_REVERSE	0.000e+00	0.0
cross	ERR1203383	SE	KSW_DP_REVERSE	0.000e+00	0.0
cross	ERR1203383	SE	MATE_DEDUP	0.000e+00	0.0
cross	ERR1203383	SE	DEDUP_SORT_END	0.000e+00	0.0
cross	ERR1203383	SE	DEDUP_REDUNDANCY	0.000e+00	0.0
cross	ERR1203383	SE	DEDUP_SORT_SCORE	0.000e+00	0.0
cross	ERR1203383	SE	MEM_COLLECT_FIRST	6.930e+09	13.0
cross	ERR1203383	SE	MEM_COLLECT_SPLIT	6.018e+09	11.3
cross	ERR1203383	SE	MEM_COLLECT_LAST	4.767e+09	9.0
cross	ERR1203383	SE	MEM_COLLECT_SORT	1.925e+09	3.6
cross	ERR1203383	SE	CHAIN_BUILD_REPETITIVE	6.600e+07	0.1
cross	ERR1203383	SE	CHAIN_BUILD_SA	9.456e+09	17.8
cross	ERR1203383	SE	CHAIN_BUILD_RID	7.360e+08	1.4
cross	ERR1203383	SE	CHAIN_BUILD_TREE_SEARCH	2.360e+08	0.4
cross	ERR1203383	SE	CHAIN_BUILD_MERGE	8.900e+07	0.2
cross	ERR1203383	SE	CHAIN_BUILD_INSERT	8.010e+08	1.5
cross	ERR1203383	SE	CHAIN_BUILD_FINALIZE	1.980e+09	3.7
cross	SRR2496709	PE	WORKER_ALIGNMENT	1.220e+11	98.9
cross	SRR2496709	PE	MEM_CHAIN	6.200e+10	50.3
cross	SRR2496709	PE	CHAIN_FILTER	3.649e+09	3.0
cross	SRR2496709	PE	CHAIN_EXTENSION	1.800e+10	14.6
cross	SRR2496709	PE	ALIGNMENT_FINALIZE	2.054e+09	1.7
cross	SRR2496709	PE	MATE_RESCUE	2.400e+10	19.5
cross	SRR2496709	PE	PAIRING	1.066e+09	0.9
cross	SRR2496709	PE	SAM_FORMAT	3.600e+10	29.2
cross	SRR2496709	PE	SAM_COPY	1.321e+09	1.1
cross	SRR2496709	PE	MEM_CHAIN_COLLECT	3.700e+10	30.0
cross	SRR2496709	PE	MEM_CHAIN_BUILD	2.400e+10	19.5
cross	SRR2496709	PE	CHAIN_EXTENSION_DP	1.100e+10	8.9
cross	SRR2496709	PE	MATE_REF_FETCH	3.660e+08	0.3
cross	SRR2496709	PE	MATE_KSW_ALIGN	1.800e+10	14.6
cross	SRR2496709	PE	KSW_QUERY_INIT_FORWARD	6.180e+08	0.5
cross	SRR2496709	PE	KSW_DP_FORWARD	1.500e+10	12.2
cross	SRR2496709	PE	KSW_QUERY_INIT_REVERSE	2.460e+08	0.2
cross	SRR2496709	PE	KSW_DP_REVERSE	2.046e+09	1.7
cross	SRR2496709	PE	MATE_DEDUP	4.001e+09	3.2
cross	SRR2496709	PE	DEDUP_SORT_END	1.415e+09	1.1
cross	SRR2496709	PE	DEDUP_REDUNDANCY	3.480e+08	0.3
cross	SRR2496709	PE	DEDUP_SORT_SCORE	2.145e+09	1.7
cross	SRR2496709	PE	MEM_COLLECT_FIRST	1.500e+10	12.2
cross	SRR2496709	PE	MEM_COLLECT_SPLIT	1.000e+10	8.1
cross	SRR2496709	PE	MEM_COLLECT_LAST	9.705e+09	7.9
cross	SRR2496709	PE	MEM_COLLECT_SORT	2.380e+09	1.9
cross	SRR2496709	PE	CHAIN_BUILD_REPETITIVE	5.800e+07	0.0
cross	SRR2496709	PE	CHAIN_BUILD_SA	1.700e+10	13.8
cross	SRR2496709	PE	CHAIN_BUILD_RID	1.465e+09	1.2
cross	SRR2496709	PE	CHAIN_BUILD_TREE_SEARCH	3.510e+08	0.3
cross	SRR2496709	PE	CHAIN_BUILD_MERGE	1.490e+08	0.1
cross	SRR2496709	PE	CHAIN_BUILD_INSERT	1.264e+09	1.0
cross	SRR2496709	PE	CHAIN_BUILD_FINALIZE	2.763e+09	2.2
cross	SRR2496709	SE	WORKER_ALIGNMENT	5.100e+10	98.0
cross	SRR2496709	SE	MEM_CHAIN	3.300e+10	63.4
cross	SRR2496709	SE	CHAIN_FILTER	1.737e+09	3.3
cross	SRR2496709	SE	CHAIN_EXTENSION	8.579e+09	16.5
cross	SRR2496709	SE	ALIGNMENT_FINALIZE	1.096e+09	2.1
cross	SRR2496709	SE	MATE_RESCUE	0.000e+00	0.0
cross	SRR2496709	SE	PAIRING	0.000e+00	0.0
cross	SRR2496709	SE	SAM_FORMAT	5.573e+09	10.7
cross	SRR2496709	SE	SAM_COPY	1.048e+09	2.0
cross	SRR2496709	SE	MEM_CHAIN_COLLECT	2.000e+10	38.4
cross	SRR2496709	SE	MEM_CHAIN_BUILD	1.300e+10	25.0
cross	SRR2496709	SE	CHAIN_EXTENSION_DP	5.002e+09	9.6
cross	SRR2496709	SE	MATE_REF_FETCH	0.000e+00	0.0
cross	SRR2496709	SE	MATE_KSW_ALIGN	0.000e+00	0.0
cross	SRR2496709	SE	KSW_QUERY_INIT_FORWARD	0.000e+00	0.0
cross	SRR2496709	SE	KSW_DP_FORWARD	0.000e+00	0.0
cross	SRR2496709	SE	KSW_QUERY_INIT_REVERSE	0.000e+00	0.0
cross	SRR2496709	SE	KSW_DP_REVERSE	0.000e+00	0.0
cross	SRR2496709	SE	MATE_DEDUP	0.000e+00	0.0
cross	SRR2496709	SE	DEDUP_SORT_END	0.000e+00	0.0
cross	SRR2496709	SE	DEDUP_REDUNDANCY	0.000e+00	0.0
cross	SRR2496709	SE	DEDUP_SORT_SCORE	0.000e+00	0.0
cross	SRR2496709	SE	MEM_COLLECT_FIRST	7.940e+09	15.3
cross	SRR2496709	SE	MEM_COLLECT_SPLIT	5.376e+09	10.3
cross	SRR2496709	SE	MEM_COLLECT_LAST	5.210e+09	10.0
cross	SRR2496709	SE	MEM_COLLECT_SORT	1.396e+09	2.7
cross	SRR2496709	SE	CHAIN_BUILD_REPETITIVE	5.000e+07	0.1
cross	SRR2496709	SE	CHAIN_BUILD_SA	9.178e+09	17.6
cross	SRR2496709	SE	CHAIN_BUILD_RID	7.340e+08	1.4
cross	SRR2496709	SE	CHAIN_BUILD_TREE_SEARCH	2.220e+08	0.4
cross	SRR2496709	SE	CHAIN_BUILD_MERGE	8.900e+07	0.2
cross	SRR2496709	SE	CHAIN_BUILD_INSERT	6.530e+08	1.3
cross	SRR2496709	SE	CHAIN_BUILD_FINALIZE	1.582e+09	3.0
cross	small_SRR7963242	PE	WORKER_ALIGNMENT	3.620e+11	99.7
cross	small_SRR7963242	PE	MEM_CHAIN	9.400e+10	25.9
cross	small_SRR7963242	PE	CHAIN_FILTER	1.400e+10	3.9
cross	small_SRR7963242	PE	CHAIN_EXTENSION	8.000e+10	22.0
cross	small_SRR7963242	PE	ALIGNMENT_FINALIZE	6.844e+09	1.9
cross	small_SRR7963242	PE	MATE_RESCUE	1.540e+11	42.4
cross	small_SRR7963242	PE	PAIRING	1.159e+09	0.3
cross	small_SRR7963242	PE	SAM_FORMAT	1.660e+11	45.7
cross	small_SRR7963242	PE	SAM_COPY	1.073e+09	0.3
cross	small_SRR7963242	PE	MEM_CHAIN_COLLECT	4.500e+10	12.4
cross	small_SRR7963242	PE	MEM_CHAIN_BUILD	4.900e+10	13.5
cross	small_SRR7963242	PE	CHAIN_EXTENSION_DP	6.200e+10	17.1
cross	small_SRR7963242	PE	MATE_REF_FETCH	1.455e+09	0.4
cross	small_SRR7963242	PE	MATE_KSW_ALIGN	1.140e+11	31.4
cross	small_SRR7963242	PE	KSW_QUERY_INIT_FORWARD	2.654e+09	0.7
cross	small_SRR7963242	PE	KSW_DP_FORWARD	8.100e+10	22.3
cross	small_SRR7963242	PE	KSW_QUERY_INIT_REVERSE	1.828e+09	0.5
cross	small_SRR7963242	PE	KSW_DP_REVERSE	2.800e+10	7.7
cross	small_SRR7963242	PE	MATE_DEDUP	3.300e+10	9.1
cross	small_SRR7963242	PE	DEDUP_SORT_END	1.200e+10	3.3
cross	small_SRR7963242	PE	DEDUP_REDUNDANCY	3.453e+09	1.0
cross	small_SRR7963242	PE	DEDUP_SORT_SCORE	1.800e+10	5.0
cross	small_SRR7963242	PE	MEM_COLLECT_FIRST	1.600e+10	4.4
cross	small_SRR7963242	PE	MEM_COLLECT_SPLIT	1.700e+10	4.7
cross	small_SRR7963242	PE	MEM_COLLECT_LAST	9.960e+09	2.7
cross	small_SRR7963242	PE	MEM_COLLECT_SORT	1.467e+09	0.4
cross	small_SRR7963242	PE	CHAIN_BUILD_REPETITIVE	4.300e+07	0.0
cross	small_SRR7963242	PE	CHAIN_BUILD_SA	3.600e+10	9.9
cross	small_SRR7963242	PE	CHAIN_BUILD_RID	3.000e+09	0.8
cross	small_SRR7963242	PE	CHAIN_BUILD_TREE_SEARCH	1.318e+09	0.4
cross	small_SRR7963242	PE	CHAIN_BUILD_MERGE	3.910e+08	0.1
cross	small_SRR7963242	PE	CHAIN_BUILD_INSERT	4.570e+09	1.3
cross	small_SRR7963242	PE	CHAIN_BUILD_FINALIZE	2.588e+09	0.7
cross	small_SRR7963242	SE	WORKER_ALIGNMENT	9.600e+10	99.1
cross	small_SRR7963242	SE	MEM_CHAIN	4.800e+10	49.6
cross	small_SRR7963242	SE	CHAIN_FILTER	6.073e+09	6.3
cross	small_SRR7963242	SE	CHAIN_EXTENSION	3.300e+10	34.1
cross	small_SRR7963242	SE	ALIGNMENT_FINALIZE	3.023e+09	3.1
cross	small_SRR7963242	SE	MATE_RESCUE	0.000e+00	0.0
cross	small_SRR7963242	SE	PAIRING	0.000e+00	0.0
cross	small_SRR7963242	SE	SAM_FORMAT	5.191e+09	5.4
cross	small_SRR7963242	SE	SAM_COPY	8.320e+08	0.9
cross	small_SRR7963242	SE	MEM_CHAIN_COLLECT	2.300e+10	23.8
cross	small_SRR7963242	SE	MEM_CHAIN_BUILD	2.500e+10	25.8
cross	small_SRR7963242	SE	CHAIN_EXTENSION_DP	2.500e+10	25.8
cross	small_SRR7963242	SE	MATE_REF_FETCH	0.000e+00	0.0
cross	small_SRR7963242	SE	MATE_KSW_ALIGN	0.000e+00	0.0
cross	small_SRR7963242	SE	KSW_QUERY_INIT_FORWARD	0.000e+00	0.0
cross	small_SRR7963242	SE	KSW_DP_FORWARD	0.000e+00	0.0
cross	small_SRR7963242	SE	KSW_QUERY_INIT_REVERSE	0.000e+00	0.0
cross	small_SRR7963242	SE	KSW_DP_REVERSE	0.000e+00	0.0
cross	small_SRR7963242	SE	MATE_DEDUP	0.000e+00	0.0
cross	small_SRR7963242	SE	DEDUP_SORT_END	0.000e+00	0.0
cross	small_SRR7963242	SE	DEDUP_REDUNDANCY	0.000e+00	0.0
cross	small_SRR7963242	SE	DEDUP_SORT_SCORE	0.000e+00	0.0
cross	small_SRR7963242	SE	MEM_COLLECT_FIRST	8.005e+09	8.3
cross	small_SRR7963242	SE	MEM_COLLECT_SPLIT	8.364e+09	8.6
cross	small_SRR7963242	SE	MEM_COLLECT_LAST	5.357e+09	5.5
cross	small_SRR7963242	SE	MEM_COLLECT_SORT	8.500e+08	0.9
cross	small_SRR7963242	SE	CHAIN_BUILD_REPETITIVE	2.900e+07	0.0
cross	small_SRR7963242	SE	CHAIN_BUILD_SA	1.800e+10	18.6
cross	small_SRR7963242	SE	CHAIN_BUILD_RID	1.454e+09	1.5
cross	small_SRR7963242	SE	CHAIN_BUILD_TREE_SEARCH	7.050e+08	0.7
cross	small_SRR7963242	SE	CHAIN_BUILD_MERGE	1.900e+08	0.2
cross	small_SRR7963242	SE	CHAIN_BUILD_INSERT	2.148e+09	2.2
cross	small_SRR7963242	SE	CHAIN_BUILD_FINALIZE	1.444e+09	1.5
single	ERR1203383	PE	WORKER_ALIGNMENT	6.610e+11	99.1
single	ERR1203383	PE	MEM_CHAIN	3.210e+11	48.1
single	ERR1203383	PE	CHAIN_FILTER	2.600e+10	3.9
single	ERR1203383	PE	CHAIN_EXTENSION	6.500e+10	9.7
single	ERR1203383	PE	ALIGNMENT_FINALIZE	1.100e+10	1.6
single	ERR1203383	PE	MATE_RESCUE	1.790e+11	26.8
single	ERR1203383	PE	PAIRING	5.750e+09	0.9
single	ERR1203383	PE	SAM_FORMAT	2.330e+11	34.9
single	ERR1203383	PE	SAM_COPY	6.027e+09	0.9
single	ERR1203383	PE	MEM_CHAIN_COLLECT	1.820e+11	27.3
single	ERR1203383	PE	MEM_CHAIN_BUILD	1.340e+11	20.1
single	ERR1203383	PE	CHAIN_EXTENSION_DP	3.800e+10	5.7
single	ERR1203383	PE	MATE_REF_FETCH	2.355e+09	0.4
single	ERR1203383	PE	MATE_KSW_ALIGN	1.170e+11	17.5
single	ERR1203383	PE	KSW_QUERY_INIT_FORWARD	4.034e+09	0.6
single	ERR1203383	PE	KSW_DP_FORWARD	9.600e+10	14.4
single	ERR1203383	PE	KSW_QUERY_INIT_REVERSE	1.957e+09	0.3
single	ERR1203383	PE	KSW_DP_REVERSE	1.300e+10	1.9
single	ERR1203383	PE	MATE_DEDUP	4.600e+10	6.9
single	ERR1203383	PE	DEDUP_SORT_END	1.500e+10	2.2
single	ERR1203383	PE	DEDUP_REDUNDANCY	3.854e+09	0.6
single	ERR1203383	PE	DEDUP_SORT_SCORE	2.600e+10	3.9
single	ERR1203383	PE	MEM_COLLECT_FIRST	6.500e+10	9.7
single	ERR1203383	PE	MEM_COLLECT_SPLIT	6.500e+10	9.7
single	ERR1203383	PE	MEM_COLLECT_LAST	4.700e+10	7.0
single	ERR1203383	PE	MEM_COLLECT_SORT	4.398e+09	0.7
single	ERR1203383	PE	CHAIN_BUILD_REPETITIVE	7.370e+08	0.1
single	ERR1203383	PE	CHAIN_BUILD_SA	9.200e+10	13.8
single	ERR1203383	PE	CHAIN_BUILD_RID	9.306e+09	1.4
single	ERR1203383	PE	CHAIN_BUILD_TREE_SEARCH	2.273e+09	0.3
single	ERR1203383	PE	CHAIN_BUILD_MERGE	9.610e+08	0.1
single	ERR1203383	PE	CHAIN_BUILD_INSERT	1.800e+10	2.7
single	ERR1203383	PE	CHAIN_BUILD_FINALIZE	7.252e+09	1.1
single	ERR1203383	SE	WORKER_ALIGNMENT	2.560e+11	98.7
single	ERR1203383	SE	MEM_CHAIN	1.740e+11	67.1
single	ERR1203383	SE	CHAIN_FILTER	1.300e+10	5.0
single	ERR1203383	SE	CHAIN_EXTENSION	3.200e+10	12.3
single	ERR1203383	SE	ALIGNMENT_FINALIZE	5.827e+09	2.2
single	ERR1203383	SE	MATE_RESCUE	0.000e+00	0.0
single	ERR1203383	SE	PAIRING	0.000e+00	0.0
single	ERR1203383	SE	SAM_FORMAT	2.700e+10	10.4
single	ERR1203383	SE	SAM_COPY	3.284e+09	1.3
single	ERR1203383	SE	MEM_CHAIN_COLLECT	9.700e+10	37.4
single	ERR1203383	SE	MEM_CHAIN_BUILD	7.400e+10	28.5
single	ERR1203383	SE	CHAIN_EXTENSION_DP	1.800e+10	6.9
single	ERR1203383	SE	MATE_REF_FETCH	0.000e+00	0.0
single	ERR1203383	SE	MATE_KSW_ALIGN	0.000e+00	0.0
single	ERR1203383	SE	KSW_QUERY_INIT_FORWARD	0.000e+00	0.0
single	ERR1203383	SE	KSW_DP_FORWARD	0.000e+00	0.0
single	ERR1203383	SE	KSW_QUERY_INIT_REVERSE	0.000e+00	0.0
single	ERR1203383	SE	KSW_DP_REVERSE	0.000e+00	0.0
single	ERR1203383	SE	MATE_DEDUP	0.000e+00	0.0
single	ERR1203383	SE	DEDUP_SORT_END	0.000e+00	0.0
single	ERR1203383	SE	DEDUP_REDUNDANCY	0.000e+00	0.0
single	ERR1203383	SE	DEDUP_SORT_SCORE	0.000e+00	0.0
single	ERR1203383	SE	MEM_COLLECT_FIRST	3.500e+10	13.5
single	ERR1203383	SE	MEM_COLLECT_SPLIT	3.300e+10	12.7
single	ERR1203383	SE	MEM_COLLECT_LAST	2.500e+10	9.6
single	ERR1203383	SE	MEM_COLLECT_SORT	2.597e+09	1.0
single	ERR1203383	SE	CHAIN_BUILD_REPETITIVE	4.030e+08	0.2
single	ERR1203383	SE	CHAIN_BUILD_SA	5.000e+10	19.3
single	ERR1203383	SE	CHAIN_BUILD_RID	4.988e+09	1.9
single	ERR1203383	SE	CHAIN_BUILD_TREE_SEARCH	1.174e+09	0.5
single	ERR1203383	SE	CHAIN_BUILD_MERGE	6.230e+08	0.2
single	ERR1203383	SE	CHAIN_BUILD_INSERT	1.100e+10	4.2
single	ERR1203383	SE	CHAIN_BUILD_FINALIZE	4.078e+09	1.6
single	SRR2496709	PE	WORKER_ALIGNMENT	6.660e+11	99.2
single	SRR2496709	PE	MEM_CHAIN	3.420e+11	50.9
single	SRR2496709	PE	CHAIN_FILTER	2.000e+10	3.0
single	SRR2496709	PE	CHAIN_EXTENSION	9.200e+10	13.7
single	SRR2496709	PE	ALIGNMENT_FINALIZE	9.452e+09	1.4
single	SRR2496709	PE	MATE_RESCUE	1.430e+11	21.3
single	SRR2496709	PE	PAIRING	4.715e+09	0.7
single	SRR2496709	PE	SAM_FORMAT	1.980e+11	29.5
single	SRR2496709	PE	SAM_COPY	5.659e+09	0.8
single	SRR2496709	PE	MEM_CHAIN_COLLECT	2.030e+11	30.2
single	SRR2496709	PE	MEM_CHAIN_BUILD	1.350e+11	20.1
single	SRR2496709	PE	CHAIN_EXTENSION_DP	6.600e+10	9.8
single	SRR2496709	PE	MATE_REF_FETCH	1.759e+09	0.3
single	SRR2496709	PE	MATE_KSW_ALIGN	1.100e+11	16.4
single	SRR2496709	PE	KSW_QUERY_INIT_FORWARD	3.393e+09	0.5
single	SRR2496709	PE	KSW_DP_FORWARD	9.100e+10	13.5
single	SRR2496709	PE	KSW_QUERY_INIT_REVERSE	1.284e+09	0.2
single	SRR2496709	PE	KSW_DP_REVERSE	1.200e+10	1.8
single	SRR2496709	PE	MATE_DEDUP	2.100e+10	3.1
single	SRR2496709	PE	DEDUP_SORT_END	7.250e+09	1.1
single	SRR2496709	PE	DEDUP_REDUNDANCY	2.000e+09	0.3
single	SRR2496709	PE	DEDUP_SORT_SCORE	1.200e+10	1.8
single	SRR2496709	PE	MEM_COLLECT_FIRST	8.400e+10	12.5
single	SRR2496709	PE	MEM_COLLECT_SPLIT	6.000e+10	8.9
single	SRR2496709	PE	MEM_COLLECT_LAST	5.300e+10	7.9
single	SRR2496709	PE	MEM_COLLECT_SORT	4.768e+09	0.7
single	SRR2496709	PE	CHAIN_BUILD_REPETITIVE	6.440e+08	0.1
single	SRR2496709	PE	CHAIN_BUILD_SA	9.600e+10	14.3
single	SRR2496709	PE	CHAIN_BUILD_RID	9.422e+09	1.4
single	SRR2496709	PE	CHAIN_BUILD_TREE_SEARCH	2.318e+09	0.3
single	SRR2496709	PE	CHAIN_BUILD_MERGE	1.035e+09	0.2
single	SRR2496709	PE	CHAIN_BUILD_INSERT	1.600e+10	2.4
single	SRR2496709	PE	CHAIN_BUILD_FINALIZE	6.858e+09	1.0
single	SRR2496709	SE	WORKER_ALIGNMENT	2.610e+11	98.8
single	SRR2496709	SE	MEM_CHAIN	1.740e+11	65.9
single	SRR2496709	SE	CHAIN_FILTER	9.760e+09	3.7
single	SRR2496709	SE	CHAIN_EXTENSION	4.300e+10	16.3
single	SRR2496709	SE	ALIGNMENT_FINALIZE	4.720e+09	1.8
single	SRR2496709	SE	MATE_RESCUE	0.000e+00	0.0
single	SRR2496709	SE	PAIRING	0.000e+00	0.0
single	SRR2496709	SE	SAM_FORMAT	2.600e+10	9.8
single	SRR2496709	SE	SAM_COPY	3.225e+09	1.2
single	SRR2496709	SE	MEM_CHAIN_COLLECT	1.020e+11	38.6
single	SRR2496709	SE	MEM_CHAIN_BUILD	7.000e+10	26.5
single	SRR2496709	SE	CHAIN_EXTENSION_DP	3.000e+10	11.4
single	SRR2496709	SE	MATE_REF_FETCH	0.000e+00	0.0
single	SRR2496709	SE	MATE_KSW_ALIGN	0.000e+00	0.0
single	SRR2496709	SE	KSW_QUERY_INIT_FORWARD	0.000e+00	0.0
single	SRR2496709	SE	KSW_DP_FORWARD	0.000e+00	0.0
single	SRR2496709	SE	KSW_QUERY_INIT_REVERSE	0.000e+00	0.0
single	SRR2496709	SE	KSW_DP_REVERSE	0.000e+00	0.0
single	SRR2496709	SE	MATE_DEDUP	0.000e+00	0.0
single	SRR2496709	SE	DEDUP_SORT_END	0.000e+00	0.0
single	SRR2496709	SE	DEDUP_REDUNDANCY	0.000e+00	0.0
single	SRR2496709	SE	DEDUP_SORT_SCORE	0.000e+00	0.0
single	SRR2496709	SE	MEM_COLLECT_FIRST	4.100e+10	15.5
single	SRR2496709	SE	MEM_COLLECT_SPLIT	3.000e+10	11.4
single	SRR2496709	SE	MEM_COLLECT_LAST	2.800e+10	10.6
single	SRR2496709	SE	MEM_COLLECT_SORT	2.599e+09	1.0
single	SRR2496709	SE	CHAIN_BUILD_REPETITIVE	3.350e+08	0.1
single	SRR2496709	SE	CHAIN_BUILD_SA	4.900e+10	18.5
single	SRR2496709	SE	CHAIN_BUILD_RID	4.844e+09	1.8
single	SRR2496709	SE	CHAIN_BUILD_TREE_SEARCH	1.166e+09	0.4
single	SRR2496709	SE	CHAIN_BUILD_MERGE	6.180e+08	0.2
single	SRR2496709	SE	CHAIN_BUILD_INSERT	8.704e+09	3.3
single	SRR2496709	SE	CHAIN_BUILD_FINALIZE	3.593e+09	1.4
single	small_SRR7963242	PE	WORKER_ALIGNMENT	2.106e+12	99.8
single	small_SRR7963242	PE	MEM_CHAIN	5.730e+11	27.1
single	small_SRR7963242	PE	CHAIN_FILTER	8.800e+10	4.2
single	small_SRR7963242	PE	CHAIN_EXTENSION	4.400e+11	20.8
single	small_SRR7963242	PE	ALIGNMENT_FINALIZE	3.300e+10	1.6
single	small_SRR7963242	PE	MATE_RESCUE	9.050e+11	42.9
single	small_SRR7963242	PE	PAIRING	5.717e+09	0.3
single	small_SRR7963242	PE	SAM_FORMAT	9.690e+11	45.9
single	small_SRR7963242	PE	SAM_COPY	4.703e+09	0.2
single	small_SRR7963242	PE	MEM_CHAIN_COLLECT	2.590e+11	12.3
single	small_SRR7963242	PE	MEM_CHAIN_BUILD	3.110e+11	14.7
single	small_SRR7963242	PE	CHAIN_EXTENSION_DP	3.780e+11	17.9
single	small_SRR7963242	PE	MATE_REF_FETCH	9.087e+09	0.4
single	small_SRR7963242	PE	MATE_KSW_ALIGN	6.840e+11	32.4
single	small_SRR7963242	PE	KSW_QUERY_INIT_FORWARD	1.300e+10	0.6
single	small_SRR7963242	PE	KSW_DP_FORWARD	4.860e+11	23.0
single	small_SRR7963242	PE	KSW_QUERY_INIT_REVERSE	1.000e+10	0.5
single	small_SRR7963242	PE	KSW_DP_REVERSE	1.670e+11	7.9
single	small_SRR7963242	PE	MATE_DEDUP	1.810e+11	8.6
single	small_SRR7963242	PE	DEDUP_SORT_END	6.100e+10	2.9
single	small_SRR7963242	PE	DEDUP_REDUNDANCY	2.000e+10	0.9
single	small_SRR7963242	PE	DEDUP_SORT_SCORE	9.700e+10	4.6
single	small_SRR7963242	PE	MEM_COLLECT_FIRST	9.200e+10	4.4
single	small_SRR7963242	PE	MEM_COLLECT_SPLIT	1.030e+11	4.9
single	small_SRR7963242	PE	MEM_COLLECT_LAST	5.700e+10	2.7
single	small_SRR7963242	PE	MEM_COLLECT_SORT	5.607e+09	0.3
single	small_SRR7963242	PE	CHAIN_BUILD_REPETITIVE	4.310e+08	0.0
single	small_SRR7963242	PE	CHAIN_BUILD_SA	2.110e+11	10.0
single	small_SRR7963242	PE	CHAIN_BUILD_RID	1.800e+10	0.9
single	small_SRR7963242	PE	CHAIN_BUILD_TREE_SEARCH	8.904e+09	0.4
single	small_SRR7963242	PE	CHAIN_BUILD_MERGE	2.609e+09	0.1
single	small_SRR7963242	PE	CHAIN_BUILD_INSERT	5.400e+10	2.6
single	small_SRR7963242	PE	CHAIN_BUILD_FINALIZE	9.511e+09	0.5
single	small_SRR7963242	SE	WORKER_ALIGNMENT	5.480e+11	99.5
single	small_SRR7963242	SE	MEM_CHAIN	2.860e+11	51.9
single	small_SRR7963242	SE	CHAIN_FILTER	3.900e+10	7.1
single	small_SRR7963242	SE	CHAIN_EXTENSION	1.790e+11	32.5
single	small_SRR7963242	SE	ALIGNMENT_FINALIZE	1.400e+10	2.5
single	small_SRR7963242	SE	MATE_RESCUE	0.000e+00	0.0
single	small_SRR7963242	SE	PAIRING	0.000e+00	0.0
single	small_SRR7963242	SE	SAM_FORMAT	2.800e+10	5.1
single	small_SRR7963242	SE	SAM_COPY	2.553e+09	0.5
single	small_SRR7963242	SE	MEM_CHAIN_COLLECT	1.290e+11	23.4
single	small_SRR7963242	SE	MEM_CHAIN_BUILD	1.550e+11	28.2
single	small_SRR7963242	SE	CHAIN_EXTENSION_DP	1.510e+11	27.4
single	small_SRR7963242	SE	MATE_REF_FETCH	0.000e+00	0.0
single	small_SRR7963242	SE	MATE_KSW_ALIGN	0.000e+00	0.0
single	small_SRR7963242	SE	KSW_QUERY_INIT_FORWARD	0.000e+00	0.0
single	small_SRR7963242	SE	KSW_DP_FORWARD	0.000e+00	0.0
single	small_SRR7963242	SE	KSW_QUERY_INIT_REVERSE	0.000e+00	0.0
single	small_SRR7963242	SE	KSW_DP_REVERSE	0.000e+00	0.0
single	small_SRR7963242	SE	MATE_DEDUP	0.000e+00	0.0
single	small_SRR7963242	SE	DEDUP_SORT_END	0.000e+00	0.0
single	small_SRR7963242	SE	DEDUP_REDUNDANCY	0.000e+00	0.0
single	small_SRR7963242	SE	DEDUP_SORT_SCORE	0.000e+00	0.0
single	small_SRR7963242	SE	MEM_COLLECT_FIRST	4.600e+10	8.4
single	small_SRR7963242	SE	MEM_COLLECT_SPLIT	4.900e+10	8.9
single	small_SRR7963242	SE	MEM_COLLECT_LAST	3.000e+10	5.4
single	small_SRR7963242	SE	MEM_COLLECT_SORT	2.968e+09	0.5
single	small_SRR7963242	SE	CHAIN_BUILD_REPETITIVE	2.340e+08	0.0
single	small_SRR7963242	SE	CHAIN_BUILD_SA	1.050e+11	19.1
single	small_SRR7963242	SE	CHAIN_BUILD_RID	8.789e+09	1.6
single	small_SRR7963242	SE	CHAIN_BUILD_TREE_SEARCH	4.116e+09	0.7
single	small_SRR7963242	SE	CHAIN_BUILD_MERGE	1.225e+09	0.2
single	small_SRR7963242	SE	CHAIN_BUILD_INSERT	2.800e+10	5.1
single	small_SRR7963242	SE	CHAIN_BUILD_FINALIZE	4.853e+09	0.9
