cfg	dataset	mode	variant	kernel	cycle_avg
cross	ERR1203383	PE	new_p	WORKER_ALIGNMENT	125000000000
cross	ERR1203383	PE	new_p	MEM_CHAIN	59000000000
cross	ERR1203383	PE	new_p	CHAIN_FILTER	4838000000
cross	ERR1203383	PE	new_p	CHAIN_EXTENSION	14000000000
cross	ERR1203383	PE	new_p	ALIGNMENT_FINALIZE	2399000000
cross	ERR1203383	PE	new_p	MATE_RESCUE	32000000000
cross	ERR1203383	PE	new_p	PAIRING	1333000000
cross	ERR1203383	PE	new_p	SAM_FORMAT	43000000000
cross	ERR1203383	PE	new_p	SAM_COPY	1507000000
cross	ERR1203383	PE	new_p	MEM_CHAIN_COLLECT	34000000000
cross	ERR1203383	PE	new_p	MEM_CHAIN_BUILD	23000000000
cross	ERR1203383	PE	new_p	CHAIN_EXTENSION_DP	6062000000
cross	ERR1203383	PE	new_p	MATE_REF_FETCH	522000000
cross	ERR1203383	PE	new_p	MATE_KSW_ALIGN	20000000000
cross	ERR1203383	PE	new_p	KSW_QUERY_INIT_FORWARD	763000000
cross	ERR1203383	PE	new_p	KSW_DP_FORWARD	16000000000
cross	ERR1203383	PE	new_p	KSW_QUERY_INIT_REVERSE	389000000
cross	ERR1203383	PE	new_p	KSW_DP_REVERSE	2155000000
cross	ERR1203383	PE	new_p	MATE_DEDUP	8896000000
cross	ERR1203383	PE	new_p	DEDUP_SORT_END	3129000000
cross	ERR1203383	PE	new_p	DEDUP_REDUNDANCY	667000000
cross	ERR1203383	PE	new_p	DEDUP_SORT_SCORE	4925000000
cross	ERR1203383	PE	new_p	MEM_COLLECT_FIRST	12000000000
cross	ERR1203383	PE	new_p	MEM_COLLECT_SPLIT	11000000000
cross	ERR1203383	PE	new_p	MEM_COLLECT_LAST	8511000000
cross	ERR1203383	PE	new_p	MEM_COLLECT_SORT	2902000000
cross	ERR1203383	PE	new_p	CHAIN_BUILD_REPETITIVE	63000000
cross	ERR1203383	PE	new_p	CHAIN_BUILD_SA	16000000000
cross	ERR1203383	PE	new_p	CHAIN_BUILD_RID	1426000000
cross	ERR1203383	PE	new_p	CHAIN_BUILD_TREE_SEARCH	339000000
cross	ERR1203383	PE	new_p	CHAIN_BUILD_MERGE	141000000
cross	ERR1203383	PE	new_p	CHAIN_BUILD_INSERT	1483000000
cross	ERR1203383	PE	new_p	CHAIN_BUILD_FINALIZE	3157000000
cross	ERR1203383	PE	old_p	WORKER_ALIGNMENT	143000000000
cross	ERR1203383	PE	old_p	MEM_CHAIN	66000000000
cross	ERR1203383	PE	old_p	CHAIN_FILTER	4646000000
cross	ERR1203383	PE	old_p	CHAIN_EXTENSION	17000000000
cross	ERR1203383	PE	old_p	ALIGNMENT_FINALIZE	1931000000
cross	ERR1203383	PE	old_p	MATE_RESCUE	40000000000
cross	ERR1203383	PE	old_p	PAIRING	1897000000
cross	ERR1203383	PE	old_p	SAM_FORMAT	53000000000
cross	ERR1203383	PE	old_p	SAM_COPY	948000000
cross	ERR1203383	SE	new_p	WORKER_ALIGNMENT	52000000000
cross	ERR1203383	SE	new_p	MEM_CHAIN	34000000000
cross	ERR1203383	SE	new_p	CHAIN_FILTER	2384000000
cross	ERR1203383	SE	new_p	CHAIN_EXTENSION	7538000000
cross	ERR1203383	SE	new_p	ALIGNMENT_FINALIZE	1290000000
cross	ERR1203383	SE	new_p	MATE_RESCUE	0
cross	ERR1203383	SE	new_p	PAIRING	0
cross	ERR1203383	SE	new_p	SAM_FORMAT	5863000000
cross	ERR1203383	SE	new_p	SAM_COPY	1212000000
cross	ERR1203383	SE	new_p	MEM_CHAIN_COLLECT	20000000000
cross	ERR1203383	SE	new_p	MEM_CHAIN_BUILD	14000000000
cross	ERR1203383	SE	new_p	CHAIN_EXTENSION_DP	3020000000
cross	ERR1203383	SE	new_p	MATE_REF_FETCH	0
cross	ERR1203383	SE	new_p	MATE_KSW_ALIGN	0
cross	ERR1203383	SE	new_p	KSW_QUERY_INIT_FORWARD	0
cross	ERR1203383	SE	new_p	KSW_DP_FORWARD	0
cross	ERR1203383	SE	new_p	KSW_QUERY_INIT_REVERSE	0
cross	ERR1203383	SE	new_p	KSW_DP_REVERSE	0
cross	ERR1203383	SE	new_p	MATE_DEDUP	0
cross	ERR1203383	SE	new_p	DEDUP_SORT_END	0
cross	ERR1203383	SE	new_p	DEDUP_REDUNDANCY	0
cross	ERR1203383	SE	new_p	DEDUP_SORT_SCORE	0
cross	ERR1203383	SE	new_p	MEM_COLLECT_FIRST	6930000000
cross	ERR1203383	SE	new_p	MEM_COLLECT_SPLIT	6018000000
cross	ERR1203383	SE	new_p	MEM_COLLECT_LAST	4767000000
cross	ERR1203383	SE	new_p	MEM_COLLECT_SORT	1925000000
cross	ERR1203383	SE	new_p	CHAIN_BUILD_REPETITIVE	66000000
cross	ERR1203383	SE	new_p	CHAIN_BUILD_SA	9456000000
cross	ERR1203383	SE	new_p	CHAIN_BUILD_RID	736000000
cross	ERR1203383	SE	new_p	CHAIN_BUILD_TREE_SEARCH	236000000
cross	ERR1203383	SE	new_p	CHAIN_BUILD_MERGE	89000000
cross	ERR1203383	SE	new_p	CHAIN_BUILD_INSERT	801000000
cross	ERR1203383	SE	new_p	CHAIN_BUILD_FINALIZE	1980000000
cross	ERR1203383	SE	old_p	WORKER_ALIGNMENT	59000000000
cross	ERR1203383	SE	old_p	MEM_CHAIN	38000000000
cross	ERR1203383	SE	old_p	CHAIN_FILTER	2442000000
cross	ERR1203383	SE	old_p	CHAIN_EXTENSION	9743000000
cross	ERR1203383	SE	old_p	ALIGNMENT_FINALIZE	998000000
cross	ERR1203383	SE	old_p	MATE_RESCUE	0
cross	ERR1203383	SE	old_p	PAIRING	0
cross	ERR1203383	SE	old_p	SAM_FORMAT	6905000000
cross	ERR1203383	SE	old_p	SAM_COPY	533000000
cross	SRR2496709	PE	new_p	WORKER_ALIGNMENT	122000000000
cross	SRR2496709	PE	new_p	MEM_CHAIN	62000000000
cross	SRR2496709	PE	new_p	CHAIN_FILTER	3649000000
cross	SRR2496709	PE	new_p	CHAIN_EXTENSION	18000000000
cross	SRR2496709	PE	new_p	ALIGNMENT_FINALIZE	2054000000
cross	SRR2496709	PE	new_p	MATE_RESCUE	24000000000
cross	SRR2496709	PE	new_p	PAIRING	1066000000
cross	SRR2496709	PE	new_p	SAM_FORMAT	36000000000
cross	SRR2496709	PE	new_p	SAM_COPY	1321000000
cross	SRR2496709	PE	new_p	MEM_CHAIN_COLLECT	37000000000
cross	SRR2496709	PE	new_p	MEM_CHAIN_BUILD	24000000000
cross	SRR2496709	PE	new_p	CHAIN_EXTENSION_DP	11000000000
cross	SRR2496709	PE	new_p	MATE_REF_FETCH	366000000
cross	SRR2496709	PE	new_p	MATE_KSW_ALIGN	18000000000
cross	SRR2496709	PE	new_p	KSW_QUERY_INIT_FORWARD	618000000
cross	SRR2496709	PE	new_p	KSW_DP_FORWARD	15000000000
cross	SRR2496709	PE	new_p	KSW_QUERY_INIT_REVERSE	246000000
cross	SRR2496709	PE	new_p	KSW_DP_REVERSE	2046000000
cross	SRR2496709	PE	new_p	MATE_DEDUP	4001000000
cross	SRR2496709	PE	new_p	DEDUP_SORT_END	1415000000
cross	SRR2496709	PE	new_p	DEDUP_REDUNDANCY	348000000
cross	SRR2496709	PE	new_p	DEDUP_SORT_SCORE	2145000000
cross	SRR2496709	PE	new_p	MEM_COLLECT_FIRST	15000000000
cross	SRR2496709	PE	new_p	MEM_COLLECT_SPLIT	10000000000
cross	SRR2496709	PE	new_p	MEM_COLLECT_LAST	9705000000
cross	SRR2496709	PE	new_p	MEM_COLLECT_SORT	2380000000
cross	SRR2496709	PE	new_p	CHAIN_BUILD_REPETITIVE	58000000
cross	SRR2496709	PE	new_p	CHAIN_BUILD_SA	17000000000
cross	SRR2496709	PE	new_p	CHAIN_BUILD_RID	1465000000
cross	SRR2496709	PE	new_p	CHAIN_BUILD_TREE_SEARCH	351000000
cross	SRR2496709	PE	new_p	CHAIN_BUILD_MERGE	149000000
cross	SRR2496709	PE	new_p	CHAIN_BUILD_INSERT	1264000000
cross	SRR2496709	PE	new_p	CHAIN_BUILD_FINALIZE	2763000000
cross	SRR2496709	PE	old_p	WORKER_ALIGNMENT	139000000000
cross	SRR2496709	PE	old_p	MEM_CHAIN	68000000000
cross	SRR2496709	PE	old_p	CHAIN_FILTER	3555000000
cross	SRR2496709	PE	old_p	CHAIN_EXTENSION	20000000000
cross	SRR2496709	PE	old_p	ALIGNMENT_FINALIZE	1635000000
cross	SRR2496709	PE	old_p	MATE_RESCUE	31000000000
cross	SRR2496709	PE	old_p	PAIRING	1388000000
cross	SRR2496709	PE	old_p	SAM_FORMAT	44000000000
cross	SRR2496709	PE	old_p	SAM_COPY	829000000
cross	SRR2496709	SE	new_p	WORKER_ALIGNMENT	51000000000
cross	SRR2496709	SE	new_p	MEM_CHAIN	33000000000
cross	SRR2496709	SE	new_p	CHAIN_FILTER	1737000000
cross	SRR2496709	SE	new_p	CHAIN_EXTENSION	8579000000
cross	SRR2496709	SE	new_p	ALIGNMENT_FINALIZE	1096000000
cross	SRR2496709	SE	new_p	MATE_RESCUE	0
cross	SRR2496709	SE	new_p	PAIRING	0
cross	SRR2496709	SE	new_p	SAM_FORMAT	5573000000
cross	SRR2496709	SE	new_p	SAM_COPY	1048000000
cross	SRR2496709	SE	new_p	MEM_CHAIN_COLLECT	20000000000
cross	SRR2496709	SE	new_p	MEM_CHAIN_BUILD	13000000000
cross	SRR2496709	SE	new_p	CHAIN_EXTENSION_DP	5002000000
cross	SRR2496709	SE	new_p	MATE_REF_FETCH	0
cross	SRR2496709	SE	new_p	MATE_KSW_ALIGN	0
cross	SRR2496709	SE	new_p	KSW_QUERY_INIT_FORWARD	0
cross	SRR2496709	SE	new_p	KSW_DP_FORWARD	0
cross	SRR2496709	SE	new_p	KSW_QUERY_INIT_REVERSE	0
cross	SRR2496709	SE	new_p	KSW_DP_REVERSE	0
cross	SRR2496709	SE	new_p	MATE_DEDUP	0
cross	SRR2496709	SE	new_p	DEDUP_SORT_END	0
cross	SRR2496709	SE	new_p	DEDUP_REDUNDANCY	0
cross	SRR2496709	SE	new_p	DEDUP_SORT_SCORE	0
cross	SRR2496709	SE	new_p	MEM_COLLECT_FIRST	7940000000
cross	SRR2496709	SE	new_p	MEM_COLLECT_SPLIT	5376000000
cross	SRR2496709	SE	new_p	MEM_COLLECT_LAST	5210000000
cross	SRR2496709	SE	new_p	MEM_COLLECT_SORT	1396000000
cross	SRR2496709	SE	new_p	CHAIN_BUILD_REPETITIVE	50000000
cross	SRR2496709	SE	new_p	CHAIN_BUILD_SA	9178000000
cross	SRR2496709	SE	new_p	CHAIN_BUILD_RID	734000000
cross	SRR2496709	SE	new_p	CHAIN_BUILD_TREE_SEARCH	222000000
cross	SRR2496709	SE	new_p	CHAIN_BUILD_MERGE	89000000
cross	SRR2496709	SE	new_p	CHAIN_BUILD_INSERT	653000000
cross	SRR2496709	SE	new_p	CHAIN_BUILD_FINALIZE	1582000000
cross	SRR2496709	SE	old_p	WORKER_ALIGNMENT	57000000000
cross	SRR2496709	SE	old_p	MEM_CHAIN	37000000000
cross	SRR2496709	SE	old_p	CHAIN_FILTER	1802000000
cross	SRR2496709	SE	old_p	CHAIN_EXTENSION	10000000000
cross	SRR2496709	SE	old_p	ALIGNMENT_FINALIZE	822000000
cross	SRR2496709	SE	old_p	MATE_RESCUE	0
cross	SRR2496709	SE	old_p	PAIRING	0
cross	SRR2496709	SE	old_p	SAM_FORMAT	6233000000
cross	SRR2496709	SE	old_p	SAM_COPY	501000000
cross	small_SRR7963242	PE	new_p	WORKER_ALIGNMENT	362000000000
cross	small_SRR7963242	PE	new_p	MEM_CHAIN	94000000000
cross	small_SRR7963242	PE	new_p	CHAIN_FILTER	14000000000
cross	small_SRR7963242	PE	new_p	CHAIN_EXTENSION	80000000000
cross	small_SRR7963242	PE	new_p	ALIGNMENT_FINALIZE	6844000000
cross	small_SRR7963242	PE	new_p	MATE_RESCUE	154000000000
cross	small_SRR7963242	PE	new_p	PAIRING	1159000000
cross	small_SRR7963242	PE	new_p	SAM_FORMAT	166000000000
cross	small_SRR7963242	PE	new_p	SAM_COPY	1073000000
cross	small_SRR7963242	PE	new_p	MEM_CHAIN_COLLECT	45000000000
cross	small_SRR7963242	PE	new_p	MEM_CHAIN_BUILD	49000000000
cross	small_SRR7963242	PE	new_p	CHAIN_EXTENSION_DP	62000000000
cross	small_SRR7963242	PE	new_p	MATE_REF_FETCH	1455000000
cross	small_SRR7963242	PE	new_p	MATE_KSW_ALIGN	114000000000
cross	small_SRR7963242	PE	new_p	KSW_QUERY_INIT_FORWARD	2654000000
cross	small_SRR7963242	PE	new_p	KSW_DP_FORWARD	81000000000
cross	small_SRR7963242	PE	new_p	KSW_QUERY_INIT_REVERSE	1828000000
cross	small_SRR7963242	PE	new_p	KSW_DP_REVERSE	28000000000
cross	small_SRR7963242	PE	new_p	MATE_DEDUP	33000000000
cross	small_SRR7963242	PE	new_p	DEDUP_SORT_END	12000000000
cross	small_SRR7963242	PE	new_p	DEDUP_REDUNDANCY	3453000000
cross	small_SRR7963242	PE	new_p	DEDUP_SORT_SCORE	18000000000
cross	small_SRR7963242	PE	new_p	MEM_COLLECT_FIRST	16000000000
cross	small_SRR7963242	PE	new_p	MEM_COLLECT_SPLIT	17000000000
cross	small_SRR7963242	PE	new_p	MEM_COLLECT_LAST	9960000000
cross	small_SRR7963242	PE	new_p	MEM_COLLECT_SORT	1467000000
cross	small_SRR7963242	PE	new_p	CHAIN_BUILD_REPETITIVE	43000000
cross	small_SRR7963242	PE	new_p	CHAIN_BUILD_SA	36000000000
cross	small_SRR7963242	PE	new_p	CHAIN_BUILD_RID	3000000000
cross	small_SRR7963242	PE	new_p	CHAIN_BUILD_TREE_SEARCH	1318000000
cross	small_SRR7963242	PE	new_p	CHAIN_BUILD_MERGE	391000000
cross	small_SRR7963242	PE	new_p	CHAIN_BUILD_INSERT	4570000000
cross	small_SRR7963242	PE	new_p	CHAIN_BUILD_FINALIZE	2588000000
cross	small_SRR7963242	PE	old_p	WORKER_ALIGNMENT	448000000000
cross	small_SRR7963242	PE	old_p	MEM_CHAIN	103000000000
cross	small_SRR7963242	PE	old_p	CHAIN_FILTER	15000000000
cross	small_SRR7963242	PE	old_p	CHAIN_EXTENSION	84000000000
cross	small_SRR7963242	PE	old_p	ALIGNMENT_FINALIZE	5410000000
cross	small_SRR7963242	PE	old_p	MATE_RESCUE	227000000000
cross	small_SRR7963242	PE	old_p	PAIRING	1665000000
cross	small_SRR7963242	PE	old_p	SAM_FORMAT	240000000000
cross	small_SRR7963242	PE	old_p	SAM_COPY	702000000
cross	small_SRR7963242	SE	new_p	WORKER_ALIGNMENT	96000000000
cross	small_SRR7963242	SE	new_p	MEM_CHAIN	48000000000
cross	small_SRR7963242	SE	new_p	CHAIN_FILTER	6073000000
cross	small_SRR7963242	SE	new_p	CHAIN_EXTENSION	33000000000
cross	small_SRR7963242	SE	new_p	ALIGNMENT_FINALIZE	3023000000
cross	small_SRR7963242	SE	new_p	MATE_RESCUE	0
cross	small_SRR7963242	SE	new_p	PAIRING	0
cross	small_SRR7963242	SE	new_p	SAM_FORMAT	5191000000
cross	small_SRR7963242	SE	new_p	SAM_COPY	832000000
cross	small_SRR7963242	SE	new_p	MEM_CHAIN_COLLECT	23000000000
cross	small_SRR7963242	SE	new_p	MEM_CHAIN_BUILD	25000000000
cross	small_SRR7963242	SE	new_p	CHAIN_EXTENSION_DP	25000000000
cross	small_SRR7963242	SE	new_p	MATE_REF_FETCH	0
cross	small_SRR7963242	SE	new_p	MATE_KSW_ALIGN	0
cross	small_SRR7963242	SE	new_p	KSW_QUERY_INIT_FORWARD	0
cross	small_SRR7963242	SE	new_p	KSW_DP_FORWARD	0
cross	small_SRR7963242	SE	new_p	KSW_QUERY_INIT_REVERSE	0
cross	small_SRR7963242	SE	new_p	KSW_DP_REVERSE	0
cross	small_SRR7963242	SE	new_p	MATE_DEDUP	0
cross	small_SRR7963242	SE	new_p	DEDUP_SORT_END	0
cross	small_SRR7963242	SE	new_p	DEDUP_REDUNDANCY	0
cross	small_SRR7963242	SE	new_p	DEDUP_SORT_SCORE	0
cross	small_SRR7963242	SE	new_p	MEM_COLLECT_FIRST	8005000000
cross	small_SRR7963242	SE	new_p	MEM_COLLECT_SPLIT	8364000000
cross	small_SRR7963242	SE	new_p	MEM_COLLECT_LAST	5357000000
cross	small_SRR7963242	SE	new_p	MEM_COLLECT_SORT	850000000
cross	small_SRR7963242	SE	new_p	CHAIN_BUILD_REPETITIVE	29000000
cross	small_SRR7963242	SE	new_p	CHAIN_BUILD_SA	18000000000
cross	small_SRR7963242	SE	new_p	CHAIN_BUILD_RID	1454000000
cross	small_SRR7963242	SE	new_p	CHAIN_BUILD_TREE_SEARCH	705000000
cross	small_SRR7963242	SE	new_p	CHAIN_BUILD_MERGE	190000000
cross	small_SRR7963242	SE	new_p	CHAIN_BUILD_INSERT	2148000000
cross	small_SRR7963242	SE	new_p	CHAIN_BUILD_FINALIZE	1444000000
cross	small_SRR7963242	SE	old_p	WORKER_ALIGNMENT	107000000000
cross	small_SRR7963242	SE	old_p	MEM_CHAIN	55000000000
cross	small_SRR7963242	SE	old_p	CHAIN_FILTER	6634000000
cross	small_SRR7963242	SE	old_p	CHAIN_EXTENSION	36000000000
cross	small_SRR7963242	SE	old_p	ALIGNMENT_FINALIZE	2363000000
cross	small_SRR7963242	SE	old_p	MATE_RESCUE	0
cross	small_SRR7963242	SE	old_p	PAIRING	0
cross	small_SRR7963242	SE	old_p	SAM_FORMAT	5746000000
cross	small_SRR7963242	SE	old_p	SAM_COPY	414000000
single	ERR1203383	PE	new_p	WORKER_ALIGNMENT	661000000000
single	ERR1203383	PE	new_p	MEM_CHAIN	321000000000
single	ERR1203383	PE	new_p	CHAIN_FILTER	26000000000
single	ERR1203383	PE	new_p	CHAIN_EXTENSION	65000000000
single	ERR1203383	PE	new_p	ALIGNMENT_FINALIZE	11000000000
single	ERR1203383	PE	new_p	MATE_RESCUE	179000000000
single	ERR1203383	PE	new_p	PAIRING	5750000000
single	ERR1203383	PE	new_p	SAM_FORMAT	233000000000
single	ERR1203383	PE	new_p	SAM_COPY	6027000000
single	ERR1203383	PE	new_p	MEM_CHAIN_COLLECT	182000000000
single	ERR1203383	PE	new_p	MEM_CHAIN_BUILD	134000000000
single	ERR1203383	PE	new_p	CHAIN_EXTENSION_DP	38000000000
single	ERR1203383	PE	new_p	MATE_REF_FETCH	2355000000
single	ERR1203383	PE	new_p	MATE_KSW_ALIGN	117000000000
single	ERR1203383	PE	new_p	KSW_QUERY_INIT_FORWARD	4034000000
single	ERR1203383	PE	new_p	KSW_DP_FORWARD	96000000000
single	ERR1203383	PE	new_p	KSW_QUERY_INIT_REVERSE	1957000000
single	ERR1203383	PE	new_p	KSW_DP_REVERSE	13000000000
single	ERR1203383	PE	new_p	MATE_DEDUP	46000000000
single	ERR1203383	PE	new_p	DEDUP_SORT_END	15000000000
single	ERR1203383	PE	new_p	DEDUP_REDUNDANCY	3854000000
single	ERR1203383	PE	new_p	DEDUP_SORT_SCORE	26000000000
single	ERR1203383	PE	new_p	MEM_COLLECT_FIRST	65000000000
single	ERR1203383	PE	new_p	MEM_COLLECT_SPLIT	65000000000
single	ERR1203383	PE	new_p	MEM_COLLECT_LAST	47000000000
single	ERR1203383	PE	new_p	MEM_COLLECT_SORT	4398000000
single	ERR1203383	PE	new_p	CHAIN_BUILD_REPETITIVE	737000000
single	ERR1203383	PE	new_p	CHAIN_BUILD_SA	92000000000
single	ERR1203383	PE	new_p	CHAIN_BUILD_RID	9306000000
single	ERR1203383	PE	new_p	CHAIN_BUILD_TREE_SEARCH	2273000000
single	ERR1203383	PE	new_p	CHAIN_BUILD_MERGE	961000000
single	ERR1203383	PE	new_p	CHAIN_BUILD_INSERT	18000000000
single	ERR1203383	PE	new_p	CHAIN_BUILD_FINALIZE	7252000000
single	ERR1203383	PE	old_p	WORKER_ALIGNMENT	865000000000
single	ERR1203383	PE	old_p	MEM_CHAIN	340000000000
single	ERR1203383	PE	old_p	CHAIN_FILTER	30000000000
single	ERR1203383	PE	old_p	CHAIN_EXTENSION	70000000000
single	ERR1203383	PE	old_p	ALIGNMENT_FINALIZE	27000000000
single	ERR1203383	PE	old_p	MATE_RESCUE	334000000000
single	ERR1203383	PE	old_p	PAIRING	6954000000
single	ERR1203383	PE	old_p	SAM_FORMAT	386000000000
single	ERR1203383	PE	old_p	SAM_COPY	5938000000
single	ERR1203383	SE	new_p	WORKER_ALIGNMENT	256000000000
single	ERR1203383	SE	new_p	MEM_CHAIN	174000000000
single	ERR1203383	SE	new_p	CHAIN_FILTER	13000000000
single	ERR1203383	SE	new_p	CHAIN_EXTENSION	32000000000
single	ERR1203383	SE	new_p	ALIGNMENT_FINALIZE	5827000000
single	ERR1203383	SE	new_p	MATE_RESCUE	0
single	ERR1203383	SE	new_p	PAIRING	0
single	ERR1203383	SE	new_p	SAM_FORMAT	27000000000
single	ERR1203383	SE	new_p	SAM_COPY	3284000000
single	ERR1203383	SE	new_p	MEM_CHAIN_COLLECT	97000000000
single	ERR1203383	SE	new_p	MEM_CHAIN_BUILD	74000000000
single	ERR1203383	SE	new_p	CHAIN_EXTENSION_DP	18000000000
single	ERR1203383	SE	new_p	MATE_REF_FETCH	0
single	ERR1203383	SE	new_p	MATE_KSW_ALIGN	0
single	ERR1203383	SE	new_p	KSW_QUERY_INIT_FORWARD	0
single	ERR1203383	SE	new_p	KSW_DP_FORWARD	0
single	ERR1203383	SE	new_p	KSW_QUERY_INIT_REVERSE	0
single	ERR1203383	SE	new_p	KSW_DP_REVERSE	0
single	ERR1203383	SE	new_p	MATE_DEDUP	0
single	ERR1203383	SE	new_p	DEDUP_SORT_END	0
single	ERR1203383	SE	new_p	DEDUP_REDUNDANCY	0
single	ERR1203383	SE	new_p	DEDUP_SORT_SCORE	0
single	ERR1203383	SE	new_p	MEM_COLLECT_FIRST	35000000000
single	ERR1203383	SE	new_p	MEM_COLLECT_SPLIT	33000000000
single	ERR1203383	SE	new_p	MEM_COLLECT_LAST	25000000000
single	ERR1203383	SE	new_p	MEM_COLLECT_SORT	2597000000
single	ERR1203383	SE	new_p	CHAIN_BUILD_REPETITIVE	403000000
single	ERR1203383	SE	new_p	CHAIN_BUILD_SA	50000000000
single	ERR1203383	SE	new_p	CHAIN_BUILD_RID	4988000000
single	ERR1203383	SE	new_p	CHAIN_BUILD_TREE_SEARCH	1174000000
single	ERR1203383	SE	new_p	CHAIN_BUILD_MERGE	623000000
single	ERR1203383	SE	new_p	CHAIN_BUILD_INSERT	11000000000
single	ERR1203383	SE	new_p	CHAIN_BUILD_FINALIZE	4078000000
single	ERR1203383	SE	old_p	WORKER_ALIGNMENT	287000000000
single	ERR1203383	SE	old_p	MEM_CHAIN	186000000000
single	ERR1203383	SE	old_p	CHAIN_FILTER	15000000000
single	ERR1203383	SE	old_p	CHAIN_EXTENSION	35000000000
single	ERR1203383	SE	old_p	ALIGNMENT_FINALIZE	15000000000
single	ERR1203383	SE	old_p	MATE_RESCUE	0
single	ERR1203383	SE	old_p	PAIRING	0
single	ERR1203383	SE	old_p	SAM_FORMAT	27000000000
single	ERR1203383	SE	old_p	SAM_COPY	3275000000
single	SRR2496709	PE	new_p	WORKER_ALIGNMENT	666000000000
single	SRR2496709	PE	new_p	MEM_CHAIN	342000000000
single	SRR2496709	PE	new_p	CHAIN_FILTER	20000000000
single	SRR2496709	PE	new_p	CHAIN_EXTENSION	92000000000
single	SRR2496709	PE	new_p	ALIGNMENT_FINALIZE	9452000000
single	SRR2496709	PE	new_p	MATE_RESCUE	143000000000
single	SRR2496709	PE	new_p	PAIRING	4715000000
single	SRR2496709	PE	new_p	SAM_FORMAT	198000000000
single	SRR2496709	PE	new_p	SAM_COPY	5659000000
single	SRR2496709	PE	new_p	MEM_CHAIN_COLLECT	203000000000
single	SRR2496709	PE	new_p	MEM_CHAIN_BUILD	135000000000
single	SRR2496709	PE	new_p	CHAIN_EXTENSION_DP	66000000000
single	SRR2496709	PE	new_p	MATE_REF_FETCH	1759000000
single	SRR2496709	PE	new_p	MATE_KSW_ALIGN	110000000000
single	SRR2496709	PE	new_p	KSW_QUERY_INIT_FORWARD	3393000000
single	SRR2496709	PE	new_p	KSW_DP_FORWARD	91000000000
single	SRR2496709	PE	new_p	KSW_QUERY_INIT_REVERSE	1284000000
single	SRR2496709	PE	new_p	KSW_DP_REVERSE	12000000000
single	SRR2496709	PE	new_p	MATE_DEDUP	21000000000
single	SRR2496709	PE	new_p	DEDUP_SORT_END	7250000000
single	SRR2496709	PE	new_p	DEDUP_REDUNDANCY	2000000000
single	SRR2496709	PE	new_p	DEDUP_SORT_SCORE	12000000000
single	SRR2496709	PE	new_p	MEM_COLLECT_FIRST	84000000000
single	SRR2496709	PE	new_p	MEM_COLLECT_SPLIT	60000000000
single	SRR2496709	PE	new_p	MEM_COLLECT_LAST	53000000000
single	SRR2496709	PE	new_p	MEM_COLLECT_SORT	4768000000
single	SRR2496709	PE	new_p	CHAIN_BUILD_REPETITIVE	644000000
single	SRR2496709	PE	new_p	CHAIN_BUILD_SA	96000000000
single	SRR2496709	PE	new_p	CHAIN_BUILD_RID	9422000000
single	SRR2496709	PE	new_p	CHAIN_BUILD_TREE_SEARCH	2318000000
single	SRR2496709	PE	new_p	CHAIN_BUILD_MERGE	1035000000
single	SRR2496709	PE	new_p	CHAIN_BUILD_INSERT	16000000000
single	SRR2496709	PE	new_p	CHAIN_BUILD_FINALIZE	6858000000
single	SRR2496709	PE	old_p	WORKER_ALIGNMENT	839000000000
single	SRR2496709	PE	old_p	MEM_CHAIN	373000000000
single	SRR2496709	PE	old_p	CHAIN_FILTER	24000000000
single	SRR2496709	PE	old_p	CHAIN_EXTENSION	98000000000
single	SRR2496709	PE	old_p	ALIGNMENT_FINALIZE	21000000000
single	SRR2496709	PE	old_p	MATE_RESCUE	256000000000
single	SRR2496709	PE	old_p	PAIRING	5709000000
single	SRR2496709	PE	old_p	SAM_FORMAT	312000000000
single	SRR2496709	PE	old_p	SAM_COPY	5589000000
single	SRR2496709	SE	new_p	WORKER_ALIGNMENT	261000000000
single	SRR2496709	SE	new_p	MEM_CHAIN	174000000000
single	SRR2496709	SE	new_p	CHAIN_FILTER	9760000000
single	SRR2496709	SE	new_p	CHAIN_EXTENSION	43000000000
single	SRR2496709	SE	new_p	ALIGNMENT_FINALIZE	4720000000
single	SRR2496709	SE	new_p	MATE_RESCUE	0
single	SRR2496709	SE	new_p	PAIRING	0
single	SRR2496709	SE	new_p	SAM_FORMAT	26000000000
single	SRR2496709	SE	new_p	SAM_COPY	3225000000
single	SRR2496709	SE	new_p	MEM_CHAIN_COLLECT	102000000000
single	SRR2496709	SE	new_p	MEM_CHAIN_BUILD	70000000000
single	SRR2496709	SE	new_p	CHAIN_EXTENSION_DP	30000000000
single	SRR2496709	SE	new_p	MATE_REF_FETCH	0
single	SRR2496709	SE	new_p	MATE_KSW_ALIGN	0
single	SRR2496709	SE	new_p	KSW_QUERY_INIT_FORWARD	0
single	SRR2496709	SE	new_p	KSW_DP_FORWARD	0
single	SRR2496709	SE	new_p	KSW_QUERY_INIT_REVERSE	0
single	SRR2496709	SE	new_p	KSW_DP_REVERSE	0
single	SRR2496709	SE	new_p	MATE_DEDUP	0
single	SRR2496709	SE	new_p	DEDUP_SORT_END	0
single	SRR2496709	SE	new_p	DEDUP_REDUNDANCY	0
single	SRR2496709	SE	new_p	DEDUP_SORT_SCORE	0
single	SRR2496709	SE	new_p	MEM_COLLECT_FIRST	41000000000
single	SRR2496709	SE	new_p	MEM_COLLECT_SPLIT	30000000000
single	SRR2496709	SE	new_p	MEM_COLLECT_LAST	28000000000
single	SRR2496709	SE	new_p	MEM_COLLECT_SORT	2599000000
single	SRR2496709	SE	new_p	CHAIN_BUILD_REPETITIVE	335000000
single	SRR2496709	SE	new_p	CHAIN_BUILD_SA	49000000000
single	SRR2496709	SE	new_p	CHAIN_BUILD_RID	4844000000
single	SRR2496709	SE	new_p	CHAIN_BUILD_TREE_SEARCH	1166000000
single	SRR2496709	SE	new_p	CHAIN_BUILD_MERGE	618000000
single	SRR2496709	SE	new_p	CHAIN_BUILD_INSERT	8704000000
single	SRR2496709	SE	new_p	CHAIN_BUILD_FINALIZE	3593000000
single	SRR2496709	SE	old_p	WORKER_ALIGNMENT	290000000000
single	SRR2496709	SE	old_p	MEM_CHAIN	188000000000
single	SRR2496709	SE	old_p	CHAIN_FILTER	11000000000
single	SRR2496709	SE	old_p	CHAIN_EXTENSION	46000000000
single	SRR2496709	SE	old_p	ALIGNMENT_FINALIZE	11000000000
single	SRR2496709	SE	old_p	MATE_RESCUE	0
single	SRR2496709	SE	old_p	PAIRING	0
single	SRR2496709	SE	old_p	SAM_FORMAT	26000000000
single	SRR2496709	SE	old_p	SAM_COPY	3226000000
single	small_SRR7963242	PE	new_p	WORKER_ALIGNMENT	2106000000000
single	small_SRR7963242	PE	new_p	MEM_CHAIN	573000000000
single	small_SRR7963242	PE	new_p	CHAIN_FILTER	88000000000
single	small_SRR7963242	PE	new_p	CHAIN_EXTENSION	440000000000
single	small_SRR7963242	PE	new_p	ALIGNMENT_FINALIZE	33000000000
single	small_SRR7963242	PE	new_p	MATE_RESCUE	905000000000
single	small_SRR7963242	PE	new_p	PAIRING	5717000000
single	small_SRR7963242	PE	new_p	SAM_FORMAT	969000000000
single	small_SRR7963242	PE	new_p	SAM_COPY	4703000000
single	small_SRR7963242	PE	new_p	MEM_CHAIN_COLLECT	259000000000
single	small_SRR7963242	PE	new_p	MEM_CHAIN_BUILD	311000000000
single	small_SRR7963242	PE	new_p	CHAIN_EXTENSION_DP	378000000000
single	small_SRR7963242	PE	new_p	MATE_REF_FETCH	9087000000
single	small_SRR7963242	PE	new_p	MATE_KSW_ALIGN	684000000000
single	small_SRR7963242	PE	new_p	KSW_QUERY_INIT_FORWARD	13000000000
single	small_SRR7963242	PE	new_p	KSW_DP_FORWARD	486000000000
single	small_SRR7963242	PE	new_p	KSW_QUERY_INIT_REVERSE	10000000000
single	small_SRR7963242	PE	new_p	KSW_DP_REVERSE	167000000000
single	small_SRR7963242	PE	new_p	MATE_DEDUP	181000000000
single	small_SRR7963242	PE	new_p	DEDUP_SORT_END	61000000000
single	small_SRR7963242	PE	new_p	DEDUP_REDUNDANCY	20000000000
single	small_SRR7963242	PE	new_p	DEDUP_SORT_SCORE	97000000000
single	small_SRR7963242	PE	new_p	MEM_COLLECT_FIRST	92000000000
single	small_SRR7963242	PE	new_p	MEM_COLLECT_SPLIT	103000000000
single	small_SRR7963242	PE	new_p	MEM_COLLECT_LAST	57000000000
single	small_SRR7963242	PE	new_p	MEM_COLLECT_SORT	5607000000
single	small_SRR7963242	PE	new_p	CHAIN_BUILD_REPETITIVE	431000000
single	small_SRR7963242	PE	new_p	CHAIN_BUILD_SA	211000000000
single	small_SRR7963242	PE	new_p	CHAIN_BUILD_RID	18000000000
single	small_SRR7963242	PE	new_p	CHAIN_BUILD_TREE_SEARCH	8904000000
single	small_SRR7963242	PE	new_p	CHAIN_BUILD_MERGE	2609000000
single	small_SRR7963242	PE	new_p	CHAIN_BUILD_INSERT	54000000000
single	small_SRR7963242	PE	new_p	CHAIN_BUILD_FINALIZE	9511000000
single	small_SRR7963242	PE	old_p	WORKER_ALIGNMENT	3413000000000
single	small_SRR7963242	PE	old_p	MEM_CHAIN	601000000000
single	small_SRR7963242	PE	old_p	CHAIN_FILTER	116000000000
single	small_SRR7963242	PE	old_p	CHAIN_EXTENSION	471000000000
single	small_SRR7963242	PE	old_p	ALIGNMENT_FINALIZE	83000000000
single	small_SRR7963242	PE	old_p	MATE_RESCUE	2065000000000
single	small_SRR7963242	PE	old_p	PAIRING	8167000000
single	small_SRR7963242	PE	old_p	SAM_FORMAT	2134000000000
single	small_SRR7963242	PE	old_p	SAM_COPY	4609000000
single	small_SRR7963242	SE	new_p	WORKER_ALIGNMENT	548000000000
single	small_SRR7963242	SE	new_p	MEM_CHAIN	286000000000
single	small_SRR7963242	SE	new_p	CHAIN_FILTER	39000000000
single	small_SRR7963242	SE	new_p	CHAIN_EXTENSION	179000000000
single	small_SRR7963242	SE	new_p	ALIGNMENT_FINALIZE	14000000000
single	small_SRR7963242	SE	new_p	MATE_RESCUE	0
single	small_SRR7963242	SE	new_p	PAIRING	0
single	small_SRR7963242	SE	new_p	SAM_FORMAT	28000000000
single	small_SRR7963242	SE	new_p	SAM_COPY	2553000000
single	small_SRR7963242	SE	new_p	MEM_CHAIN_COLLECT	129000000000
single	small_SRR7963242	SE	new_p	MEM_CHAIN_BUILD	155000000000
single	small_SRR7963242	SE	new_p	CHAIN_EXTENSION_DP	151000000000
single	small_SRR7963242	SE	new_p	MATE_REF_FETCH	0
single	small_SRR7963242	SE	new_p	MATE_KSW_ALIGN	0
single	small_SRR7963242	SE	new_p	KSW_QUERY_INIT_FORWARD	0
single	small_SRR7963242	SE	new_p	KSW_DP_FORWARD	0
single	small_SRR7963242	SE	new_p	KSW_QUERY_INIT_REVERSE	0
single	small_SRR7963242	SE	new_p	KSW_DP_REVERSE	0
single	small_SRR7963242	SE	new_p	MATE_DEDUP	0
single	small_SRR7963242	SE	new_p	DEDUP_SORT_END	0
single	small_SRR7963242	SE	new_p	DEDUP_REDUNDANCY	0
single	small_SRR7963242	SE	new_p	DEDUP_SORT_SCORE	0
single	small_SRR7963242	SE	new_p	MEM_COLLECT_FIRST	46000000000
single	small_SRR7963242	SE	new_p	MEM_COLLECT_SPLIT	49000000000
single	small_SRR7963242	SE	new_p	MEM_COLLECT_LAST	30000000000
single	small_SRR7963242	SE	new_p	MEM_COLLECT_SORT	2968000000
single	small_SRR7963242	SE	new_p	CHAIN_BUILD_REPETITIVE	234000000
single	small_SRR7963242	SE	new_p	CHAIN_BUILD_SA	105000000000
single	small_SRR7963242	SE	new_p	CHAIN_BUILD_RID	8789000000
single	small_SRR7963242	SE	new_p	CHAIN_BUILD_TREE_SEARCH	4116000000
single	small_SRR7963242	SE	new_p	CHAIN_BUILD_MERGE	1225000000
single	small_SRR7963242	SE	new_p	CHAIN_BUILD_INSERT	28000000000
single	small_SRR7963242	SE	new_p	CHAIN_BUILD_FINALIZE	4853000000
single	small_SRR7963242	SE	old_p	WORKER_ALIGNMENT	613000000000
single	small_SRR7963242	SE	old_p	MEM_CHAIN	298000000000
single	small_SRR7963242	SE	old_p	CHAIN_FILTER	50000000000
single	small_SRR7963242	SE	old_p	CHAIN_EXTENSION	192000000000
single	small_SRR7963242	SE	old_p	ALIGNMENT_FINALIZE	39000000000
single	small_SRR7963242	SE	old_p	MATE_RESCUE	0
single	small_SRR7963242	SE	old_p	PAIRING	0
single	small_SRR7963242	SE	old_p	SAM_FORMAT	29000000000
single	small_SRR7963242	SE	old_p	SAM_COPY	2546000000
