configuration	io_mode	dataset	read_mode	rank	world_size	pipeline_total	stage1	stage2	stage3	sam_output_writes	fread_time	fread_bandwidth	slowest_fread	raw_fastq_bytes	worker_total	worker_part1	worker_part2	worker_part3	worker_part4	worker_part5	worker_part6	output_flush_time	output_bandwidth	output_rma_flush_time	claimed_chunks	completed_records	claimed_input_bytes	slowest_chunk	slowest_chunk_stage2	log
mpi_dynamic_single	no1	ERR1203383	PE	0	6	176.266	35.128	66.306	153.606	151.367	28.868	38.971	1.274	1179647824	66.298	1.312	0.572	63.435	0.38	0.59	0.001	146.56531	8.797	0.000446	39	2576957	589823912	228	7.751335	mpi_dynamic_single/no1/ERR1203383_PE.run.log
mpi_dynamic_single	no1	ERR1203383	PE	1	6	176.262	34.025	70.363	156.237	153.77	28.369	39.656	1.296	1179647408	70.354	1.355	0.544	67.382	0.41	0.653	0.001	148.960958	8.667	0.102536	39	2574959	589823704	229	12.210298	mpi_dynamic_single/no1/ERR1203383_PE.run.log
mpi_dynamic_single	no1	ERR1203383	PE	2	6	176.259	31.878	67.721	156.748	154.787	27.39	40.707	1.305	1169136632	67.712	1.266	0.59	64.903	0.377	0.566	0.001	150.730983	8.51	0.128981	38	2551019	584568316	231	10.051089	mpi_dynamic_single/no1/ERR1203383_PE.run.log
mpi_dynamic_single	no1	ERR1203383	PE	3	6	176.266	36.54	61.766	156.637	154.521	28.644	38.948	1.272	1169818248	61.756	1.19	0.592	59.039	0.368	0.556	0.002	150.146131	8.537	0.13618	38	2552488	584909124	75	3.401152	mpi_dynamic_single/no1/ERR1203383_PE.run.log
mpi_dynamic_single	no1	ERR1203383	PE	4	6	176.259	34.142	73.411	157.054	155.006	28.243	39.833	1.309	1179649016	73.403	1.36	0.617	70.45	0.378	0.588	0.001	151.290109	8.552	0.134506	42	2573675	589824508	230	12.121187	mpi_dynamic_single/no1/ERR1203383_PE.run.log
mpi_dynamic_single	no1	ERR1203383	PE	5	6	176.267	33.587	58.632	153.291	151.251	28.213	37.882	1.352	1120663568	58.624	1.371	0.574	55.781	0.355	0.532	0.001	148.846226	8.226	0.128869	36	2445582	560331784	209	3.251178	mpi_dynamic_single/no1/ERR1203383_PE.run.log
mpi_dynamic_single	no1	ERR1203383	SE	0	6	83.099	20.539	29.988	70.725	69.539	15.944	36.75	1.164	614399904	29.984	1.456	0.372	27.431	0.189	0.531	0.001	70.424863	8.53	0.000234	44	2682888	614399904	229	2.181144	mpi_dynamic_single/no1/ERR1203383_SE.run.log
mpi_dynamic_single	no1	ERR1203383	SE	1	6	83.103	19.004	26.494	69.858	68.859	14.931	36.418	1.451	570163096	26.488	1.256	0.314	24.295	0.174	0.442	0.001	70.102635	7.967	0.076477	35	2490215	570163096	230	1.960562	mpi_dynamic_single/no1/ERR1203383_SE.run.log
mpi_dynamic_single	no1	ERR1203383	SE	2	6	83.101	17.078	23.872	70.595	69.647	13.97	38.251	1.466	560333364	23.87	1.223	0.35	21.696	0.17	0.429	0.001	70.353303	7.811	0.06313	33	2446558	560333364	2	1.410242	mpi_dynamic_single/no1/ERR1203383_SE.run.log
mpi_dynamic_single	no1	ERR1203383	SE	3	6	83.102	18.855	27.419	72.299	71.23	14.038	40.047	1.161	589483236	27.413	1.191	0.39	25.17	0.181	0.476	0.001	70.577575	8.198	0.121113	39	2572204	589483236	231	1.699082	mpi_dynamic_single/no1/ERR1203383_SE.run.log
mpi_dynamic_single	no1	ERR1203383	SE	4	6	83.107	20.292	27.262	72.009	70.544	15.256	38.1	1.421	609485116	27.246	1.441	0.621	24.459	0.217	0.499	0.001	70.736764		0.089887	46	2658419	609485116	4	1.357956	mpi_dynamic_single/no1/ERR1203383_SE.run.log
mpi_dynamic_single	no1	ERR1203383	SE	5	6	83.107	18.804	24.246	71.61	70.499	14.841	35.69	1.464	555416632	24.238	1.232	0.369	22.021	0.169	0.439	0.001	71.661505	7.571	0.062771	35	2424396	555416632	5	1.46035	mpi_dynamic_single/no1/ERR1203383_SE.run.log
mpi_dynamic_single	no1	SRR2496709	PE	0	6	176.396	37.103	69.647	164.689	162.557	31.336	35.901	1.287	1179647840	69.641	1.354	0.573	66.779	0.316	0.609	0.001	162.370747	7.957	0.000646	39	2104844	589823920	108	5.160263	mpi_dynamic_single/no1/SRR2496709_PE.run.log
mpi_dynamic_single	no1	SRR2496709	PE	1	6	176.388	34.341	60.728	166.394	164.466	27.631	40.376	1.386	1169820072	60.719	1.468	0.564	57.763	0.299	0.613	0.001	162.186531	7.924	0.134599	38	2086730	584910036	49	3.331389	mpi_dynamic_single/no1/SRR2496709_PE.run.log
mpi_dynamic_single	no1	SRR2496709	PE	2	6	176.389	38.475	59.241	165.005	162.598	30.448	36.948	1.35	1179648304	59.225	1.336	0.527	56.404	0.367	0.574	0.001	160.55862	8.014	0.142384	39	2102632	589824152	152	3.490215	mpi_dynamic_single/no1/SRR2496709_PE.run.log
mpi_dynamic_single	no1	SRR2496709	PE	3	6	176.392	36.142	80.227	162.712	160.777	29.069	39.346	1.464	1199308336	80.219	1.273	0.614	77.376	0.305	0.64	0.001	160.645786	8.178	0.129737	41	2137229	599654168	15	8.610927	mpi_dynamic_single/no1/SRR2496709_PE.run.log
mpi_dynamic_single	no1	SRR2496709	PE	4	6	176.388	35.103	67.08	164.879	162.99	29.053	38.4	1.367	1169816528	67.071	1.289	0.6	64.259	0.295	0.62	0.001	162.56148	7.916	0.104741	38	2084505	584908264	100	9.520299	mpi_dynamic_single/no1/SRR2496709_PE.run.log
mpi_dynamic_single	no1	SRR2496709	PE	5	6	176.392	37.058	61.26	166.535	164.589	30.801	36.346	1.482	1173879544	61.251	1.271	0.583	58.453	0.3	0.633	0.001	160.976597	7.978	0.120892	42	2091471	586939772	89	5.10818	mpi_dynamic_single/no1/SRR2496709_PE.run.log
mpi_dynamic_single	no1	SRR2496709	SE	0	6	82.713	20.241	28.633	72.502	71.371	16.194	35.892	1.188	609484672	28.631	1.485	0.39	26.054	0.152	0.547	0.001	71.971856	8.413	0.000207	43	2174072	609484672	0	1.44064	mpi_dynamic_single/no1/SRR2496709_SE.run.log
mpi_dynamic_single	no1	SRR2496709	SE	1	6	82.707	18.811	26.563	72.766	71.914	15.295	36.904	1.162	591856676	26.554	1.351	0.375	24.156	0.147	0.52	0.001	72.585896	8.128	0.063336	40	2111190	591856676	1	1.230158	mpi_dynamic_single/no1/SRR2496709_SE.run.log
mpi_dynamic_single	no1	SRR2496709	SE	2	6	82.713	17.52	24.145	70.089	69.168	14.225	37.567	1.158	560333024	24.141	1.154	0.445	21.939	0.163	0.435	0.001	71.459018	7.77	0.050125	33	1998790	560333024	2	1.320318	mpi_dynamic_single/no1/SRR2496709_SE.run.log
mpi_dynamic_single	no1	SRR2496709	SE	3	6	82.711	18.507	29.534	71.588	70.665	14.006	41.499	1.17	609484544	29.528	1.269	0.439	27.122	0.152	0.54	0.001	72.007738	8.418	0.078686	43	2171843	609484544	27	2.14019	mpi_dynamic_single/no1/SRR2496709_SE.run.log
mpi_dynamic_single	no1	SRR2496709	SE	4	6	82.712	20.033	27.655	71.238	70.396	15.189	38.268	1.156	609484204	27.65	1.261	0.496	25.18	0.155	0.552	0.001	72.397151	8.404	0.066933	43	2171040	609484204	100	2.230105	mpi_dynamic_single/no1/SRR2496709_SE.run.log
mpi_dynamic_single	no1	SRR2496709	SE	5	6	82.707	17.679	24.42	69.226	68.313	13.697	38.671	1.165	555417192	24.418	1.238	0.296	22.272	0.138	0.47	0.001	70.333732	7.855	0.07724	35	1980476	555417192	89	1.541117	mpi_dynamic_single/no1/SRR2496709_SE.run.log
mpi_dynamic_single	no1	small_SRR7963242	PE	0	6	277.417	48.746	272.298	144.964	142.029	37.835	30.973	1.289	1228801184	272.295	1.433	0.616	269.474	0.228	0.539	0.001	140.32174	9.285	0.000609	38	1619727	614400592	0	11.250725	mpi_dynamic_single/no1/small_SRR7963242_PE.run.log
mpi_dynamic_single	no1	small_SRR7963242	PE	1	6	277.414	61.939	270.701	126.257	124.15	46.841	26.06	1.292	1279993896	270.691	1.318	0.663	267.843	0.241	0.61	0.001	120.571869		0.135361	44	1686410	639996948	151	8.971102	mpi_dynamic_single/no1/small_SRR7963242_PE.run.log
mpi_dynamic_single	no1	small_SRR7963242	PE	2	6	277.413	54.78	270.969	129.435	127.308	42.312	28.361	1.299	1258292288	270.955	1.346	0.66	268.151	0.235	0.552	0.001	125.314094	10.65	0.138068	41	1657299	629146144	152	10.070781	mpi_dynamic_single/no1/small_SRR7963242_PE.run.log
mpi_dynamic_single	no1	small_SRR7963242	PE	3	6	277.413	53.393	271.919	103.109	101.029	41.862	29.113	1.34	1277951984	271.901	1.403	0.636	268.946	0.248	0.65	0.002	98.515543		0.129236	43	1683167	638975992	135	9.289424	mpi_dynamic_single/no1/small_SRR7963242_PE.run.log
mpi_dynamic_single	no1	small_SRR7963242	PE	4	6	277.413	56.847	271.769	190.102	188.097	51.61	23.615	1.306	1277951216	271.756	1.94	0.603	268.266	0.268	0.662	0.001	184.844535		0.15549	43	1683166	638975608	4	9.031693	mpi_dynamic_single/no1/small_SRR7963242_PE.run.log
mpi_dynamic_single	no1	small_SRR7963242	PE	5	6	277.42	65.007	270.687	177.685	175.699	51.597	23.439	1.493	1268120608	270.675	1.475	0.628	267.688	0.244	0.626	0.001	173.223533	7.762	0.133804	45	1670231	634060304	125	9.060612	mpi_dynamic_single/no1/small_SRR7963242_PE.run.log
mpi_dynamic_single	no1	small_SRR7963242	SE	0	6	92.107	16.842	52.055	79.183	78.381	14.18	41.321	0.931	614400592	52.051	1.188	0.328	49.88	0.117	0.532	0.001	79.770543	7.592	0.000254	38	1619727	614400592	0	2.990288	mpi_dynamic_single/no1/small_SRR7963242_SE.run.log
mpi_dynamic_single	no1	small_SRR7963242	SE	1	6	92.098	18.443	51.88	78.279	77.518	13.485	43.8	0.92	619314684	51.87	1.328	0.365	49.475	0.122	0.572	0.001	78.843165	7.747	0.073082	39	1631983	619314684	1	2.730101	mpi_dynamic_single/no1/small_SRR7963242_SE.run.log
mpi_dynamic_single	no1	small_SRR7963242	SE	2	6	92.103	18.105	54.412	75.278	74.335	13.642	45.012	0.979	643891664	54.4	1.483	0.43	51.76	0.147	0.567	0.001	74.246088	8.549	0.063835	44	1696103	643891664	2	2.801531	mpi_dynamic_single/no1/small_SRR7963242_SE.run.log
mpi_dynamic_single	no1	small_SRR7963242	SE	3	6	92.101	16.047	56.203	74.817	73.96	12.369	50.782	0.916	658636432	56.191	1.462	0.461	53.495	0.128	0.633	0.002	75.517061	8.598	0.07691	47	1734905	658636432	3	2.490161	mpi_dynamic_single/no1/small_SRR7963242_SE.run.log
mpi_dynamic_single	no1	small_SRR7963242	SE	4	6	92.101	16.29	52.255	77.188	76.471	13.6	43.844	0.947	625251532	52.242	1.285	0.522	49.747	0.122	0.556	0.001	77.864807	7.916	0.073124	41	1647050	625251532	4	2.550255	mpi_dynamic_single/no1/small_SRR7963242_SE.run.log
mpi_dynamic_single	no1	small_SRR7963242	SE	5	6	92.106	18.904	54.298	75.095	74.33	14.792	40.879	1.092	634060684	54.294	1.275	0.5	51.796	0.121	0.596	0.001	75.368404	8.297	0.099403	45	1670232	634060684	5	2.350239	mpi_dynamic_single/no1/small_SRR7963242_SE.run.log
mpi_dynamic_split	no1	ERR1203383	PE	0	6	148.553	72.58	77.971	122.347	120.03	59.011	19.064	1.543	1179647360	77.968	1.278	0.598	75.068	0.408	0.611	0.001	115.322128	11.188		39	2576956	589823680	230	12.189236	mpi_dynamic_split/no1/ERR1203383_PE.run.log
mpi_dynamic_split	no1	ERR1203383	PE	1	6	148.555	72.775	70.314	120.349	117.703	56.447	19.764	1.485	1169817568	70.306	1.492	0.534	67.132	0.441	0.697	0.001	113.777353	11.245		38	2553774	584908784	229	12.191357	mpi_dynamic_split/no1/ERR1203383_PE.run.log
mpi_dynamic_split	no1	ERR1203383	PE	2	6	148.557	76.338	58.391	121.527	119.226	57.71	19.331	1.787	1169818712	58.386	1.245	0.526	55.609	0.402	0.598	0.001	114.429677	11.199		38	2552489	584909356	2	2.360569	mpi_dynamic_split/no1/ERR1203383_PE.run.log
mpi_dynamic_split	no1	ERR1203383	PE	3	6	148.557	76.692	61.901	122.276	120.245	58.05	19.218	1.507	1169818248	61.894	1.24	0.558	59.108	0.388	0.591	0.001	115.886073	11.051		38	2552488	584909124	75	3.440295	mpi_dynamic_split/no1/ERR1203383_PE.run.log
mpi_dynamic_split	no1	ERR1203383	PE	4	6	148.551	77.832	69.026	121.463	119.367	58.773	18.971	1.614	1169136632	69.014	1.295	0.601	66.153	0.373	0.582	0.001	114.843974	11.147		41	2551019	584568316	231	10.061282	mpi_dynamic_split/no1/ERR1203383_PE.run.log
mpi_dynamic_split	no1	ERR1203383	PE	5	6	148.553	78.357	61.203	117.364	115.331	62.342	17.444	1.871	1140324176	61.195	1.316	0.557	58.385	0.383	0.546	0.001	111.337255	11.19		38	2487954	570162088	209	3.26021	mpi_dynamic_split/no1/ERR1203383_PE.run.log
mpi_dynamic_split	no1	ERR1203383	SE	0	6	67.319	41.448	25.538	55.722	54.559	31.986	17.586	1.43	589823912	25.535	1.187	0.36	23.327	0.182	0.477	0.001	53.681728	10.728		39	2576957	589823912	0	1.330387	mpi_dynamic_split/no1/ERR1203383_SE.run.log
mpi_dynamic_split	no1	ERR1203383	SE	1	6	67.321	40.163	25.163	55.478	54.169	30.603	18.227	1.452	584908784	25.158	1.242	0.363	22.9	0.214	0.434	0.001	53.004717	10.783		38	2553774	584908784	1	1.400311	mpi_dynamic_split/no1/ERR1203383_SE.run.log
mpi_dynamic_split	no1	ERR1203383	SE	2	6	67.321	40.456	24.946	55.02	53.919	29.961	18.461	1.429	579994204	24.942	1.369	0.318	22.615	0.176	0.459	0.001	52.893581	10.739		37	2531303	579994204	2	1.591882	mpi_dynamic_split/no1/ERR1203383_SE.run.log
mpi_dynamic_split	no1	ERR1203383	SE	3	6	67.323	41.534	27.38	57.287	56.199	30.134	18.656	1.495	589483236	27.377	1.275	0.36	25.083	0.179	0.474	0.001	53.663597	10.763		39	2572204	589483236	231	1.688633	mpi_dynamic_split/no1/ERR1203383_SE.run.log
mpi_dynamic_split	no1	ERR1203383	SE	4	6	67.316	41.597	27.975	55.313	54.281	29.734	18.602	1.411	579993972	27.97	1.142	0.34	25.814	0.177	0.49	0.001	52.896474	10.75		40	2531302	579993972	230	1.980913	mpi_dynamic_split/no1/ERR1203383_SE.run.log
mpi_dynamic_split	no1	ERR1203383	SE	5	6	67.321	42.268	27.175	55.033	53.916	31.071	17.651	1.439	575077240	27.173	1.152	0.363	24.997	0.174	0.483	0.001	52.711132	10.667		39	2509140	575077240	229	2.189972	mpi_dynamic_split/no1/ERR1203383_SE.run.log
mpi_dynamic_split	no1	SRR2496709	PE	0	6	139.914	74.179	70.539	131.357	129.302	60.556	18.487	1.762	1173880368	70.534	1.297	0.61	67.694	0.304	0.624	0.001	125.072825	10.28		39	2094690	586940184	108	5.221781	mpi_dynamic_split/no1/SRR2496709_PE.run.log
mpi_dynamic_split	no1	SRR2496709	PE	1	6	139.909	81.961	62.253	131.424	129.015	62.319	18.052	3.029	1179650448	62.243	1.307	0.522	59.469	0.369	0.566	0.001	125.06677	10.351		39	2104037	589825224	49	3.349878	mpi_dynamic_split/no1/SRR2496709_PE.run.log
mpi_dynamic_split	no1	SRR2496709	PE	2	6	139.905	87.831	59.781	131.051	128.901	67.256	16.727	3.027	1179648304	59.769	1.299	0.574	56.95	0.317	0.616	0.001	124.706085	10.309		39	2102632	589824152	152	3.581397	mpi_dynamic_split/no1/SRR2496709_PE.run.log
mpi_dynamic_split	no1	SRR2496709	PE	3	6	139.909	81.382	79.871	130.523	128.554	63.458	17.728	2.692	1179647584	79.863	1.17	0.574	77.185	0.305	0.619	0.001	125.057091	10.328		39	2102615	589823792	81	8.630435	mpi_dynamic_split/no1/SRR2496709_PE.run.log
mpi_dynamic_split	no1	SRR2496709	PE	4	6	139.905	82.724	67.85	131.613	129.615	61.791	18.207	2.326	1179646904	67.839	1.308	0.559	65.021	0.32	0.618	0.002	126.31525	10.264		39	2101812	589823452	100	9.590582	mpi_dynamic_split/no1/SRR2496709_PE.run.log
mpi_dynamic_split	no1	SRR2496709	PE	5	6	139.906	92.039	61.69	129.382	127.301	71.157	15.81	3.171	1179647016	61.683	1.303	0.573	58.856	0.302	0.638	0.001	123.236419	10.463		42	2101625	589823508	89	5.210131	mpi_dynamic_split/no1/SRR2496709_PE.run.log
mpi_dynamic_split	no1	SRR2496709	SE	0	6	64.915	39.958	27.897	57.372	56.449	31.465	18.026	1.481	594739108	27.894	1.288	0.324	25.611	0.15	0.518	0.001	54.82379	10.784		40	2122151	594739108	108	1.410101	mpi_dynamic_split/no1/SRR2496709_SE.run.log
mpi_dynamic_split	no1	SRR2496709	SE	1	6	64.91	39.892	26.535	57.313	56.139	29.105	19.488	1.778	594740412	26.53	1.459	0.354	24.047	0.172	0.492	0.001	54.316668	10.905		40	2121344	594740412	1	1.440113	mpi_dynamic_split/no1/SRR2496709_SE.run.log
mpi_dynamic_split	no1	SRR2496709	SE	2	6	64.912	40.58	25.437	56.467	55.552	29.361	19.224	1.791	591855604	25.43	1.221	0.334	23.197	0.151	0.518	0.001	53.838039	10.874		40	2109785	591855604	2	1.341968	mpi_dynamic_split/no1/SRR2496709_SE.run.log
mpi_dynamic_split	no1	SRR2496709	SE	3	6	64.909	40.423	28.485	57.529	56.613	30.368	18.523	1.614	589823792	28.483	1.161	0.358	26.304	0.147	0.509	0.001	54.817579	10.699		39	2102615	589823792	27	2.140129	mpi_dynamic_split/no1/SRR2496709_SE.run.log
mpi_dynamic_split	no1	SRR2496709	SE	4	6	64.917	43.128	26.598	57.491	56.672	31.935	17.614	1.715	589823452	26.596	1.13	0.314	24.489	0.146	0.514	0.001	55.174783	10.67		39	2101812	589823452	100	2.254206	mpi_dynamic_split/no1/SRR2496709_SE.run.log
mpi_dynamic_split	no1	SRR2496709	SE	5	6	64.908	42.1	24.937	52.733	51.851	32.196	17.034	1.617	575077944	24.935	1.147	0.346	22.791	0.142	0.506	0.001	52.797533	10.813		39	2049704	575077944	89	1.530185	mpi_dynamic_split/no1/SRR2496709_SE.run.log
mpi_dynamic_split	no1	small_SRR7963242	PE	0	6	293.164	67.885	289.204	121.511	119.208	57.51	21.192	1.446	1277952664	289.196	1.511	0.615	286.203	0.243	0.613	0.001	115.620379	11.719		43	1684400	638976332	0	10.940634	mpi_dynamic_split/no1/small_SRR7963242_PE.run.log
mpi_dynamic_split	no1	small_SRR7963242	PE	1	6	293.164	61.614	287.607	109.039	106.885	50.612	23.933	1.478	1270163296	287.599	1.682	0.59	284.343	0.266	0.706	0.001	102.936326	13.077		43	1673475	635081648	13	10.550596	mpi_dynamic_split/no1/small_SRR7963242_PE.run.log
mpi_dynamic_split	no1	small_SRR7963242	PE	2	6	293.163	62.524	287.353	116.523	114.527	49.496	24.434	1.392	1268122888	287.342	1.57	0.752	284.121	0.247	0.635	0.001	113.345482	11.853		42	1670234	634061444	152	10.087842	mpi_dynamic_split/no1/small_SRR7963242_PE.run.log
mpi_dynamic_split	no1	small_SRR7963242	PE	3	6	293.159	58.028	289.123	119.522	117.286	44.635	27.305	1.653	1277951224	289.103	1.523	0.629	286.005	0.25	0.673	0.002	113.443728	11.933		43	1683166	638975612	135	10.349446	mpi_dynamic_split/no1/small_SRR7963242_PE.run.log
mpi_dynamic_split	no1	small_SRR7963242	PE	4	6	293.16	69.12	287.658	122.029	120.025	59.346	20.536	1.624	1277951216	287.644	1.547	0.675	284.513	0.253	0.64	0.001	116.467064	11.624		43	1683166	638975608	46	10.018862	mpi_dynamic_split/no1/small_SRR7963242_PE.run.log
mpi_dynamic_split	no1	small_SRR7963242	PE	5	6	293.161	56.656	286.326	85.9	83.564	48.071	24.183	1.64	1218969888	286.317	1.379	0.668	283.501	0.227	0.531	0.001	79.945486	16.155		40	1605559	609484944	65	10.910728	mpi_dynamic_split/no1/small_SRR7963242_PE.run.log
mpi_dynamic_split	no1	small_SRR7963242	SE	0	6	75.682	39.313	54.484	61.428	60.628	34.599	17.477	1.546	634061412	54.48	1.39	0.409	51.979	0.12	0.579	0.001	61.450234	10.17		42	1671466	634061412	0	2.980286	mpi_dynamic_split/no1/small_SRR7963242_SE.run.log
mpi_dynamic_split	no1	small_SRR7963242	SE	1	6	75.68	43.193	53.038	62.005	60.809	31.989	18.787	1.474	630166728	53.029	1.243	0.444	50.644	0.146	0.543	0.001	61.092824	10.163		42	1660541	630166728	1	2.550811	mpi_dynamic_split/no1/small_SRR7963242_SE.run.log
mpi_dynamic_split	no1	small_SRR7963242	SE	2	6	75.686	42.63	53.284	61.739	60.93	31.56	19.16	1.408	634061444	53.281	1.229	0.348	51.001	0.117	0.582	0.001	61.643935	10.13		42	1670234	634061444	2	2.700286	mpi_dynamic_split/no1/small_SRR7963242_SE.run.log
mpi_dynamic_split	no1	small_SRR7963242	SE	3	6	75.678	42.493	53.652	61.718	61.0	32.921	18.368	1.471	634060692	53.644	1.213	0.437	51.305	0.118	0.557	0.001	61.473819	10.158		42	1670232	634060692	3	2.459317	mpi_dynamic_split/no1/small_SRR7963242_SE.run.log
mpi_dynamic_split	no1	small_SRR7963242	SE	4	6	75.682	43.29	52.861	61.455	60.671	32.498	18.607	1.46	634060308	52.853	1.374	0.482	50.31	0.118	0.561	0.001	61.492927	10.155		42	1670231	634060308	4	2.570772	mpi_dynamic_split/no1/small_SRR7963242_SE.run.log
mpi_dynamic_split	no1	small_SRR7963242	SE	5	6	75.685	47.48	53.907	60.786	59.953	36.82	16.296	1.732	629145004	53.904	1.312	0.37	51.517	0.118	0.582	0.001	60.578081	10.23		44	1657296	629145004	5	2.380283	mpi_dynamic_split/no1/small_SRR7963242_SE.run.log
