dataset	read_mode	repeat	rank	order	chunk_id	queue	start	end	bytes	records	stage2_seconds
ERR1203383	PE	1	0	0	0	0	0	19660976	19660976	89570	2.17395
ERR1203383	PE	1	0	1	7	1	137625820	157286524	19660704	87771	1.933389
ERR1203383	PE	1	0	2	14	2	275251392	294912060	19660668	86231	1.846719
ERR1203383	PE	1	0	3	21	3	412876980	432537648	19660668	86231	2.1545
ERR1203383	PE	1	0	4	28	4	550502568	570163236	19660668	86231	1.798016
ERR1203383	PE	1	0	5	35	5	688128156	707788824	19660668	86231	1.839056
ERR1203383	PE	1	0	6	36	0	707788824	727449720	19660896	86232	1.902047
ERR1203383	PE	1	0	7	43	1	845414412	865075308	19660896	86232	2.124631
ERR1203383	PE	1	0	8	50	2	983040000	1002700896	19660896	86232	2.256127
ERR1203383	PE	1	0	9	57	3	1120665816	1140326484	19660668	86231	1.609738
ERR1203383	PE	1	0	10	64	4	1258291404	1277952072	19660668	86231	1.928075
ERR1203383	PE	1	0	11	71	5	1395916992	1415577660	19660668	86231	1.93801
ERR1203383	PE	1	0	12	72	0	1415577660	1435238556	19660896	86232	1.78182
ERR1203383	PE	1	0	13	79	1	1553203248	1572864144	19660896	86232	2.139424
ERR1203383	PE	1	0	14	86	2	1690828836	1710489732	19660896	86232	2.023686
ERR1203383	PE	1	0	15	93	3	1828454424	1848115320	19660896	86232	1.613478
ERR1203383	PE	1	0	16	100	4	1966080012	1985740908	19660896	86232	1.998045
ERR1203383	PE	1	0	17	107	5	2103705600	2123366496	19660896	86232	1.631647
ERR1203383	PE	1	0	18	108	0	2123366496	2143027392	19660896	86232	1.777858
ERR1203383	PE	1	0	19	115	1	2260992084	2280652860	19660776	85846	2.207181
ERR1203383	PE	1	0	20	122	2	2398617668	2418278508	19660840	84745	2.157395
ERR1203383	PE	1	0	21	129	3	2536243316	2555904156	19660840	84745	1.47417
ERR1203383	PE	1	0	22	136	4	2673868964	2693529804	19660840	84745	1.837329
ERR1203383	PE	1	0	23	143	5	2811494612	2831155220	19660608	84744	1.793079
ERR1203383	PE	1	0	24	144	0	2831155220	2850816060	19660840	84745	1.706613
ERR1203383	PE	1	0	25	151	1	2968780868	2988441708	19660840	84745	1.871037
ERR1203383	PE	1	0	26	158	2	3106406516	3126067356	19660840	84745	2.031864
ERR1203383	PE	1	0	27	165	3	3170304188	3175219340	4915152	21186	0.43519
ERR1203383	PE	1	0	28	172	4	3204710484	3209625636	4915152	21186	0.471579
ERR1203383	PE	1	0	29	179	5	3239117012	3244032164	4915152	21186	0.612146
ERR1203383	PE	1	0	30	180	0	3244032164	3248947316	4915152	21186	0.47037
ERR1203383	PE	1	0	31	187	1	3278438460	3283353612	4915152	21186	0.573128
ERR1203383	PE	1	0	32	194	2	3312844988	3317760140	4915152	21186	0.490424
ERR1203383	PE	1	0	33	201	3	3347251284	3352166436	4915152	21186	0.565596
ERR1203383	PE	1	0	34	208	4	3381657812	3386572964	4915152	21186	0.541977
ERR1203383	PE	1	0	35	215	5	3416064108	3420979260	4915152	21186	0.64935
ERR1203383	PE	1	0	36	210	0	3391488116	3396403268	4915152	21186	0.490902
ERR1203383	PE	1	0	37	217	1	3425894412	3430809796	4915384	21187	0.648547
ERR1203383	PE	1	0	38	230	2	3449241732	3450470404	1228672	5296	0.393297
ERR1203383	PE	1	0	39	243	3	3465216092	3466444996	1228904	5297	0.170157
ERR1203383	PE	1	0	40	250	4	3473817724	3475046628	1228904	5297	0.241743
ERR1203383	PE	1	0	41	257	5	3482419356	3483648028	1228672	5296	0.516114
ERR1203383	PE	1	0	42	246	0	3468902572	3470131244	1228672	5296	0.391413
ERR1203383	PE	1	0	43	259	1	3484876932	3486105604	1228672	5296	1.997448
ERR1203383	PE	1	0	44	266	2	3493478564	3494707236	1228672	5296	3.073283
ERR1203383	PE	1	0	45	269	5	3497164812	3498393716	1228904	5297	2.006966
ERR1203383	PE	1	1	0	1	1	19660976	39321628	19660652	87957	2.332944
ERR1203383	PE	1	1	1	8	2	157286524	176947228	19660704	87771	2.230809
ERR1203383	PE	1	1	2	15	3	294912060	314572956	19660896	86232	1.745025
ERR1203383	PE	1	1	3	22	4	432537648	452198544	19660896	86232	1.902612
ERR1203383	PE	1	1	4	29	5	570163236	589824132	19660896	86232	1.834646
ERR1203383	PE	1	1	5	30	0	589824132	609484800	19660668	86231	2.056444
ERR1203383	PE	1	1	6	37	1	727449720	747110616	19660896	86232	1.947566
ERR1203383	PE	1	1	7	44	2	865075308	884736204	19660896	86232	2.127434
ERR1203383	PE	1	1	8	51	3	1002700896	1022361792	19660896	86232	2.029311
ERR1203383	PE	1	1	9	58	4	1140326484	1159987380	19660896	86232	1.699318
ERR1203383	PE	1	1	10	65	5	1277952072	1297612968	19660896	86232	2.103386
ERR1203383	PE	1	1	11	66	0	1297612968	1317273636	19660668	86231	2.431606
ERR1203383	PE	1	1	12	73	1	1435238556	1454899224	19660668	86231	2.087552
ERR1203383	PE	1	1	13	80	2	1572864144	1592524812	19660668	86231	2.011759
ERR1203383	PE	1	1	14	87	3	1710489732	1730150400	19660668	86231	2.160635
ERR1203383	PE	1	1	15	94	4	1848115320	1867776216	19660896	86232	1.644858
ERR1203383	PE	1	1	16	101	5	1985740908	2005401804	19660896	86232	1.894385
ERR1203383	PE	1	1	17	102	0	2005401804	2025062472	19660668	86231	1.632525
ERR1203383	PE	1	1	18	109	1	2143027392	2162688060	19660668	86231	2.099302
ERR1203383	PE	1	1	19	116	2	2280652860	2300313700	19660840	84745	1.729316
ERR1203383	PE	1	1	20	123	3	2418278508	2437939348	19660840	84745	1.83702
ERR1203383	PE	1	1	21	130	4	2555904156	2575564996	19660840	84745	2.085762
ERR1203383	PE	1	1	22	137	5	2693529804	2713190412	19660608	84744	1.605013
ERR1203383	PE	1	1	23	138	0	2713190412	2732851252	19660840	84745	1.745643
ERR1203383	PE	1	1	24	145	1	2850816060	2870476900	19660840	84745	1.588304
ERR1203383	PE	1	1	25	152	2	2988441708	3008102548	19660840	84745	1.740248
ERR1203383	PE	1	1	26	159	3	3126067356	3145728196	19660840	84745	1.869456
ERR1203383	PE	1	1	27	166	4	3175219340	3180134492	4915152	21186	0.487857
ERR1203383	PE	1	1	28	173	5	3209625636	3214541020	4915384	21187	0.420187
ERR1203383	PE	1	1	29	174	0	3214541020	3219456172	4915152	21186	0.374048
ERR1203383	PE	1	1	30	181	1	3248947316	3253862468	4915152	21186	0.495481
ERR1203383	PE	1	1	31	188	2	3283353612	3288268996	4915384	21187	0.438107
ERR1203383	PE	1	1	32	195	3	3317760140	3322675292	4915152	21186	0.492594
ERR1203383	PE	1	1	33	202	4	3352166436	3357081820	4915384	21187	0.626395
ERR1203383	PE	1	1	34	209	5	3386572964	3391488116	4915152	21186	3.237149
ERR1203383	PE	1	1	35	234	0	3454156884	3455385788	1228904	5297	0.245232
ERR1203383	PE	1	1	36	241	1	3462758516	3463987420	1228904	5297	0.258161
ERR1203383	PE	1	1	37	248	2	3471360148	3472588820	1228672	5296	0.342833
ERR1203383	PE	1	1	38	255	3	3479961780	3481190452	1228672	5296	4.995228
ERR1203383	PE	1	1	39	268	4	3495936140	3497164812	1228672	5296	3.560579
ERR1203383	PE	1	2	0	2	2	39321628	58982556	19660928	87772	2.362027
ERR1203383	PE	1	2	1	9	3	176947228	196608156	19660928	87772	2.132636
ERR1203383	PE	1	2	2	16	4	314572956	334233624	19660668	86231	1.874426
ERR1203383	PE	1	2	3	23	5	452198544	471859212	19660668	86231	2.226841
ERR1203383	PE	1	2	4	24	0	471859212	491520108	19660896	86232	1.853964
ERR1203383	PE	1	2	5	31	1	609484800	629145696	19660896	86232	1.660643
ERR1203383	PE	1	2	6	38	2	747110616	766771284	19660668	86231	2.01663
ERR1203383	PE	1	2	7	45	3	884736204	904396872	19660668	86231	2.168041
ERR1203383	PE	1	2	8	52	4	1022361792	1042022460	19660668	86231	1.687333
ERR1203383	PE	1	2	9	59	5	1159987380	1179648048	19660668	86231	2.29279
ERR1203383	PE	1	2	10	60	0	1179648048	1199308944	19660896	86232	2.18066
ERR1203383	PE	1	2	11	67	1	1317273636	1336934532	19660896	86232	2.344868
ERR1203383	PE	1	2	12	74	2	1454899224	1474560120	19660896	86232	1.87826
ERR1203383	PE	1	2	13	81	3	1592524812	1612185708	19660896	86232	2.292853
ERR1203383	PE	1	2	14	88	4	1730150400	1749811296	19660896	86232	2.135547
ERR1203383	PE	1	2	15	95	5	1867776216	1887436884	19660668	86231	1.976529
ERR1203383	PE	1	2	16	96	0	1887436884	1907097780	19660896	86232	1.888173
ERR1203383	PE	1	2	17	103	1	2025062472	2044723368	19660896	86232	1.757704
ERR1203383	PE	1	2	18	110	2	2162688060	2182348956	19660896	86232	1.76812
ERR1203383	PE	1	2	19	117	3	2300313700	2319974540	19660840	84745	1.860603
ERR1203383	PE	1	2	20	124	4	2437939348	2457600188	19660840	84745	1.560605
ERR1203383	PE	1	2	21	131	5	2575564996	2595225604	19660608	84744	1.832223
ERR1203383	PE	1	2	22	132	0	2595225604	2614886444	19660840	84745	1.980989
ERR1203383	PE	1	2	23	139	1	2732851252	2752512092	19660840	84745	1.962748
ERR1203383	PE	1	2	24	146	2	2870476900	2890137740	19660840	84745	2.034161
ERR1203383	PE	1	2	25	153	3	3008102548	3027763388	19660840	84745	2.232681
ERR1203383	PE	1	2	26	160	4	3145728196	3150643348	4915152	21186	0.616209
ERR1203383	PE	1	2	27	167	5	3180134492	3185049644	4915152	21186	0.560787
ERR1203383	PE	1	2	28	168	0	3185049644	3189965028	4915384	21187	0.543257
ERR1203383	PE	1	2	29	175	1	3219456172	3224371324	4915152	21186	0.702561
ERR1203383	PE	1	2	30	182	2	3253862468	3258777620	4915152	21186	0.513633
ERR1203383	PE	1	2	31	189	3	3288268996	3293184148	4915152	21186	0.490761
ERR1203383	PE	1	2	32	196	4	3322675292	3327590444	4915152	21186	0.627994
ERR1203383	PE	1	2	33	203	5	3357081820	3361996972	4915152	21186	0.743173
ERR1203383	PE	1	2	34	204	0	3361996972	3366912124	4915152	21186	0.646144
ERR1203383	PE	1	2	35	211	1	3396403268	3401318420	4915152	21186	0.52044
ERR1203383	PE	1	2	36	218	2	3430809796	3435724948	4915152	21186	0.64723
ERR1203383	PE	1	2	37	225	3	3443097676	3444326580	1228904	5297	0.253562
ERR1203383	PE	1	2	38	232	4	3451699308	3452928212	1228904	5297	0.213589
ERR1203383	PE	1	2	39	239	5	3460300940	3461529612	1228672	5296	0.149085
ERR1203383	PE	1	2	40	240	0	3461529612	3462758516	1228904	5297	0.13021
ERR1203383	PE	1	2	41	247	1	3470131244	3471360148	1228904	5297	0.261552
ERR1203383	PE	1	2	42	254	2	3478732876	3479961780	1228904	5297	0.986844
ERR1203383	PE	1	2	43	261	3	3487334508	3488563412	1228904	5297	2.624796
ERR1203383	PE	1	2	44	262	4	3488563412	3489792084	1228672	5296	3.790289
ERR1203383	PE	1	3	0	3	3	58982556	78643260	19660704	87771	2.258064
ERR1203383	PE	1	3	1	10	4	196608156	216268860	19660704	87771	1.709775
ERR1203383	PE	1	3	2	17	5	334233624	353894520	19660896	86232	1.75025
ERR1203383	PE	1	3	3	18	0	353894520	373555416	19660896	86232	1.909847
ERR1203383	PE	1	3	4	25	1	491520108	511181004	19660896	86232	1.684189
ERR1203383	PE	1	3	5	32	2	629145696	648806592	19660896	86232	1.5303
ERR1203383	PE	1	3	6	39	3	766771284	786432180	19660896	86232	1.809365
ERR1203383	PE	1	3	7	46	4	904396872	924057768	19660896	86232	2.266841
ERR1203383	PE	1	3	8	53	5	1042022460	1061683356	19660896	86232	1.994312
ERR1203383	PE	1	3	9	54	0	1061683356	1081344024	19660668	86231	1.768247
ERR1203383	PE	1	3	10	61	1	1199308944	1218969612	19660668	86231	2.078146
ERR1203383	PE	1	3	11	68	2	1336934532	1356595200	19660668	86231	1.858621
ERR1203383	PE	1	3	12	75	3	1474560120	1494221016	19660896	86232	3.390808
ERR1203383	PE	1	3	13	82	4	1612185708	1631846604	19660896	86232	1.916207
ERR1203383	PE	1	3	14	89	5	1749811296	1769472192	19660896	86232	1.799196
ERR1203383	PE	1	3	15	90	0	1769472192	1789132860	19660668	86231	1.859465
ERR1203383	PE	1	3	16	97	1	1907097780	1926758448	19660668	86231	1.733252
ERR1203383	PE	1	3	17	104	2	2044723368	2064384036	19660668	86231	1.736519
ERR1203383	PE	1	3	18	111	3	2182348956	2202009624	19660668	86231	1.795445
ERR1203383	PE	1	3	19	118	4	2319974540	2339635380	19660840	84745	2.130077
ERR1203383	PE	1	3	20	125	5	2457600188	2477261028	19660840	84745	1.886812
ERR1203383	PE	1	3	21	126	0	2477261028	2496921636	19660608	84744	1.743571
ERR1203383	PE	1	3	22	133	1	2614886444	2634547284	19660840	84745	1.760467
ERR1203383	PE	1	3	23	140	2	2752512092	2772172932	19660840	84745	1.745841
ERR1203383	PE	1	3	24	147	3	2890137740	2909798580	19660840	84745	2.070054
ERR1203383	PE	1	3	25	154	4	3027763388	3047424228	19660840	84745	1.747024
ERR1203383	PE	1	3	26	161	5	3150643348	3155558500	4915152	21186	0.555558
ERR1203383	PE	1	3	27	162	0	3155558500	3160473652	4915152	21186	0.536803
ERR1203383	PE	1	3	28	169	1	3189965028	3194880180	4915152	21186	0.427115
ERR1203383	PE	1	3	29	176	2	3224371324	3229286476	4915152	21186	0.739591
ERR1203383	PE	1	3	30	183	3	3258777620	3263693004	4915384	21187	0.4989
ERR1203383	PE	1	3	31	190	4	3293184148	3298099300	4915152	21186	0.527906
ERR1203383	PE	1	3	32	197	5	3327590444	3332505828	4915384	21187	0.408669
ERR1203383	PE	1	3	33	198	0	3332505828	3337420980	4915152	21186	0.681404
ERR1203383	PE	1	3	34	205	1	3366912124	3371827276	4915152	21186	0.516482
ERR1203383	PE	1	3	35	212	2	3401318420	3406233804	4915384	21187	0.7877
ERR1203383	PE	1	3	36	219	3	3435724948	3436953620	1228672	5296	0.419152
ERR1203383	PE	1	3	37	226	4	3444326580	3445555252	1228672	5296	0.132838
ERR1203383	PE	1	3	38	233	5	3452928212	3454156884	1228672	5296	0.289093
ERR1203383	PE	1	3	39	228	0	3446784156	3448012828	1228672	5296	0.309817
ERR1203383	PE	1	3	40	235	1	3455385788	3456614460	1228672	5296	0.216244
ERR1203383	PE	1	3	41	242	2	3463987420	3465216092	1228672	5296	0.27683
ERR1203383	PE	1	3	42	249	3	3472588820	3473817724	1228904	5297	0.335268
ERR1203383	PE	1	3	43	256	4	3481190452	3482419356	1228904	5297	1.35227
ERR1203383	PE	1	3	44	263	5	3489792084	3491020988	1228904	5297	3.22156
ERR1203383	PE	1	3	45	264	0	3491020988	3492249660	1228672	5296	2.955416
ERR1203383	PE	1	4	0	4	4	78643260	98304188	19660928	87772	2.171807
ERR1203383	PE	1	4	1	11	5	216268860	235929600	19660740	86802	1.777669
ERR1203383	PE	1	4	2	12	0	235929600	255590496	19660896	86232	1.862607
ERR1203383	PE	1	4	3	19	1	373555416	393216084	19660668	86231	2.009751
ERR1203383	PE	1	4	4	26	2	511181004	530841672	19660668	86231	2.011718
ERR1203383	PE	1	4	5	33	3	648806592	668467260	19660668	86231	1.777283
ERR1203383	PE	1	4	6	40	4	786432180	806092848	19660668	86231	1.985689
ERR1203383	PE	1	4	7	47	5	924057768	943718436	19660668	86231	2.18479
ERR1203383	PE	1	4	8	48	0	943718436	963379332	19660896	86232	2.15239
ERR1203383	PE	1	4	9	55	1	1081344024	1101004920	19660896	86232	1.931177
ERR1203383	PE	1	4	10	62	2	1218969612	1238630508	19660896	86232	1.838587
ERR1203383	PE	1	4	11	69	3	1356595200	1376256096	19660896	86232	1.901239
ERR1203383	PE	1	4	12	76	4	1494221016	1513881684	19660668	86231	2.271619
ERR1203383	PE	1	4	13	83	5	1631846604	1651507272	19660668	86231	1.745424
ERR1203383	PE	1	4	14	84	0	1651507272	1671168168	19660896	86232	1.634361
ERR1203383	PE	1	4	15	91	1	1789132860	1808793756	19660896	86232	1.68911
ERR1203383	PE	1	4	16	98	2	1926758448	1946419344	19660896	86232	1.498233
ERR1203383	PE	1	4	17	105	3	2064384036	2084044932	19660896	86232	2.046141
ERR1203383	PE	1	4	18	112	4	2202009624	2221670520	19660896	86232	1.755031
ERR1203383	PE	1	4	19	119	5	2339635380	2359296220	19660840	84745	1.83042
ERR1203383	PE	1	4	20	120	0	2359296220	2378956828	19660608	84744	1.831885
ERR1203383	PE	1	4	21	127	1	2496921636	2516582476	19660840	84745	1.849139
ERR1203383	PE	1	4	22	134	2	2634547284	2654208124	19660840	84745	1.650968
ERR1203383	PE	1	4	23	141	3	2772172932	2791833772	19660840	84745	1.603401
ERR1203383	PE	1	4	24	148	4	2909798580	2929459420	19660840	84745	2.04482
ERR1203383	PE	1	4	25	155	5	3047424228	3067084836	19660608	84744	1.717042
ERR1203383	PE	1	4	26	156	0	3067084836	3086745676	19660840	84745	1.662748
ERR1203383	PE	1	4	27	163	1	3160473652	3165388804	4915152	21186	0.522059
ERR1203383	PE	1	4	28	170	2	3194880180	3199795332	4915152	21186	0.557702
ERR1203383	PE	1	4	29	177	3	3229286476	3234201628	4915152	21186	0.492574
ERR1203383	PE	1	4	30	184	4	3263693004	3268608156	4915152	21186	0.521072
ERR1203383	PE	1	4	31	191	5	3298099300	3303014452	4915152	21186	0.42418
ERR1203383	PE	1	4	32	192	0	3303014452	3307929604	4915152	21186	0.488701
ERR1203383	PE	1	4	33	199	1	3337420980	3342336132	4915152	21186	0.698529
ERR1203383	PE	1	4	34	206	2	3371827276	3376742428	4915152	21186	0.535116
ERR1203383	PE	1	4	35	213	3	3406233804	3411148956	4915152	21186	0.865158
ERR1203383	PE	1	5	0	5	5	98304188	117964892	19660704	87771	2.383678
ERR1203383	PE	1	5	1	6	0	117964892	137625820	19660928	87772	2.17815
ERR1203383	PE	1	5	2	13	1	255590496	275251392	19660896	86232	1.8108
ERR1203383	PE	1	5	3	20	2	393216084	412876980	19660896	86232	1.808067
ERR1203383	PE	1	5	4	27	3	530841672	550502568	19660896	86232	1.829411
ERR1203383	PE	1	5	5	34	4	668467260	688128156	19660896	86232	2.451366
ERR1203383	PE	1	5	6	41	5	806092848	825753744	19660896	86232	2.14588
ERR1203383	PE	1	5	7	42	0	825753744	845414412	19660668	86231	2.133203
ERR1203383	PE	1	5	8	49	1	963379332	983040000	19660668	86231	2.025511
ERR1203383	PE	1	5	9	56	2	1101004920	1120665816	19660896	86232	1.789163
ERR1203383	PE	1	5	10	63	3	1238630508	1258291404	19660896	86232	1.939203
ERR1203383	PE	1	5	11	70	4	1376256096	1395916992	19660896	86232	1.945018
ERR1203383	PE	1	5	12	77	5	1513881684	1533542580	19660896	86232	2.090068
ERR1203383	PE	1	5	13	78	0	1533542580	1553203248	19660668	86231	1.68341
ERR1203383	PE	1	5	14	85	1	1671168168	1690828836	19660668	86231	1.684311
ERR1203383	PE	1	5	15	92	2	1808793756	1828454424	19660668	86231	1.873811
ERR1203383	PE	1	5	16	99	3	1946419344	1966080012	19660668	86231	1.687998
ERR1203383	PE	1	5	17	106	4	2084044932	2103705600	19660668	86231	1.705052
ERR1203383	PE	1	5	37	227	5	3445555252	3446784156	1228904	5297	0.246345
ERR1203383	PE	1	5	38	222	0	3439411428	3440640100	1228672	5296	0.310068
ERR1203383	PE	1	5	39	229	1	3448012828	3449241732	1228904	5297	0.258651
ERR1203383	PE	1	5	40	236	2	3456614460	3457843364	1228904	5297	0.174735
ERR1203383	PE	1	5	41	237	3	3457843364	3459072036	1228672	5296	0.117961
ERR1203383	PE	1	5	42	238	4	3459072036	3460300940	1228904	5297	0.134728
ERR1203383	PE	1	5	43	245	5	3467673668	3468902572	1228904	5297	1.976474
ERR1203383	PE	1	5	44	258	0	3483648028	3484876932	1228904	5297	1.257581
ERR1203383	PE	1	5	45	265	1	3492249660	3493478564	1228904	5297	3.322028
ERR1203383	PE	1	5	46	270	0	3498393716	3499281348	887632	3826	1.078734
ERR1203383	PE	1	5	19	114	0	2241331416	2260992084	19660668	86231	2.114114
ERR1203383	PE	1	5	20	121	1	2378956828	2398617668	19660840	84745	1.681111
ERR1203383	PE	1	5	21	128	2	2516582476	2536243316	19660840	84745	1.874888
ERR1203383	PE	1	5	22	135	3	2654208124	2673868964	19660840	84745	1.848727
ERR1203383	PE	1	5	23	142	4	2791833772	2811494612	19660840	84745	1.767198
ERR1203383	PE	1	5	24	149	5	2929459420	2949120028	19660608	84744	1.715501
ERR1203383	PE	1	5	25	150	0	2949120028	2968780868	19660840	84745	1.728831
ERR1203383	PE	1	5	26	157	1	3086745676	3106406516	19660840	84745	1.700563
ERR1203383	PE	1	5	27	164	2	3165388804	3170304188	4915384	21187	0.531267
ERR1203383	PE	1	5	28	171	3	3199795332	3204710484	4915152	21186	0.614697
ERR1203383	PE	1	5	29	178	4	3234201628	3239117012	4915384	21187	0.572878
ERR1203383	PE	1	5	30	185	5	3268608156	3273523308	4915152	21186	0.466414
ERR1203383	PE	1	5	31	186	0	3273523308	3278438460	4915152	21186	0.532304
ERR1203383	PE	1	5	32	193	1	3307929604	3312844988	4915384	21187	0.461662
ERR1203383	PE	1	5	33	200	2	3342336132	3347251284	4915152	21186	0.582023
ERR1203383	PE	1	5	34	207	3	3376742428	3381657812	4915384	21187	0.624861
ERR1203383	PE	1	5	35	214	4	3411148956	3416064108	4915152	21186	0.583599
ERR1203383	PE	1	5	36	221	5	3438182524	3439411428	1228904	5297	0.179703
ERR1203383	PE	1	5	37	216	0	3420979260	3425894412	4915152	21186	0.55298
ERR1203383	PE	1	5	38	223	1	3440640100	3441869004	1228904	5297	0.267492
ERR1203383	PE	1	5	39	224	2	3441869004	3443097676	1228672	5296	0.22846
ERR1203383	PE	1	5	40	231	3	3450470404	3451699308	1228904	5297	0.311008
ERR1203383	PE	1	5	41	244	4	3466444996	3467673668	1228672	5296	0.126959
ERR1203383	PE	1	5	42	251	5	3475046628	3476275300	1228672	5296	0.86302
ERR1203383	PE	1	5	43	252	0	3476275300	3477504204	1228904	5297	0.291281
ERR1203383	PE	1	5	44	253	1	3477504204	3478732876	1228672	5296	0.289331
ERR1203383	PE	1	5	45	260	2	3486105604	3487334508	1228904	5297	4.572982
ERR1203383	PE	1	5	46	267	3	3494707236	3495936140	1228904	5297	3.847341
SRR2496709	PE	1	0	0	0	0	0	19660888	19660888	72446	2.426799
SRR2496709	PE	1	0	1	7	1	137625684	157286544	19660860	71235	2.010199
SRR2496709	PE	1	0	2	14	2	275251428	294912264	19660836	70233	1.394788
SRR2496709	PE	1	0	3	21	3	412876824	432537864	19661040	70218	2.397875
SRR2496709	PE	1	0	4	22	4	432537864	452198624	19660760	70217	1.849555
SRR2496709	PE	1	0	5	29	5	570163464	589824224	19660760	70217	2.170157
SRR2496709	PE	1	0	6	30	0	589824224	609484984	19660760	70217	1.824001
SRR2496709	PE	1	0	7	37	1	727449824	747110584	19660760	70217	2.015845
SRR2496709	PE	1	0	8	44	2	865075424	884736184	19660760	70217	1.642685
SRR2496709	PE	1	0	9	51	3	1002701024	1022361784	19660760	70217	2.750561
SRR2496709	PE	1	0	10	58	4	1140326624	1159987384	19660760	70217	2.153068
SRR2496709	PE	1	0	11	65	5	1277952224	1297612984	19660760	70217	1.474358
SRR2496709	PE	1	0	12	66	0	1297612984	1317273744	19660760	70217	1.6683
SRR2496709	PE	1	0	13	73	1	1435238584	1454899344	19660760	70217	1.672329
SRR2496709	PE	1	0	14	80	2	1572864184	1592524944	19660760	70217	1.620936
SRR2496709	PE	1	0	15	87	3	1710489784	1730150544	19660760	70217	1.895902
SRR2496709	PE	1	0	16	88	4	1730150544	1749811304	19660760	70217	2.336393
SRR2496709	PE	1	0	17	101	5	1985740984	2005401744	19660760	70217	1.400272
SRR2496709	PE	1	0	18	102	0	2005401744	2025062504	19660760	70217	2.097676
SRR2496709	PE	1	0	19	103	1	2025062504	2044723264	19660760	70217	1.913937
SRR2496709	PE	1	0	20	110	2	2162688104	2182348864	19660760	70217	1.955232
SRR2496709	PE	1	0	21	117	3	2300313704	2319974464	19660760	70217	1.730232
SRR2496709	PE	1	0	22	124	4	2437939304	2457600064	19660760	70217	1.644272
SRR2496709	PE	1	0	23	131	5	2575564904	2595225664	19660760	70217	1.704737
SRR2496709	PE	1	0	24	132	0	2595225664	2614886424	19660760	70217	1.467244
SRR2496709	PE	1	0	25	139	1	2732851264	2752512024	19660760	70217	2.699459
SRR2496709	PE	1	0	26	146	2	2870477060	2890137812	19660752	69228	1.710202
SRR2496709	PE	1	0	27	153	3	3008102608	3027763360	19660752	69228	1.771952
SRR2496709	PE	1	0	28	160	4	3145728156	3165388908	19660752	69228	1.392004
SRR2496709	PE	1	0	29	167	5	3194880036	3199795224	4915188	17307	0.417652
SRR2496709	PE	1	0	30	168	0	3199795224	3204710412	4915188	17307	0.447851
SRR2496709	PE	1	0	31	175	1	3234201824	3239117012	4915188	17307	0.478783
SRR2496709	PE	1	0	32	176	2	3239117012	3244032200	4915188	17307	0.36923
SRR2496709	PE	1	0	33	177	3	3244032200	3248947388	4915188	17307	0.380003
SRR2496709	PE	1	0	34	184	4	3278438516	3283353704	4915188	17307	0.39344
SRR2496709	PE	1	0	35	191	5	3312844832	3317760020	4915188	17307	0.389597
SRR2496709	PE	1	0	36	192	0	3317760020	3322675208	4915188	17307	0.367989
SRR2496709	PE	1	0	37	187	1	3293184080	3298099268	4915188	17307	0.449451
SRR2496709	PE	1	0	38	194	2	3327590680	3332505868	4915188	17307	0.38
SRR2496709	PE	1	0	39	201	3	3361996996	3366912184	4915188	17307	0.401818
SRR2496709	PE	1	0	40	208	4	3396403312	3401318500	4915188	17307	0.402057
SRR2496709	PE	1	0	41	215	5	3430809628	3435724816	4915188	17307	0.369283
SRR2496709	PE	1	0	42	216	0	3435724816	3440640004	4915188	17307	0.36475
SRR2496709	PE	1	0	43	217	1	3440640004	3445555476	4915472	17308	0.501915
SRR2496709	PE	1	0	44	230	2	3482419244	3483648112	1228868	4327	0.1408
SRR2496709	PE	1	0	45	237	3	3491021036	3492249620	1228584	4326	0.132805
SRR2496709	PE	1	0	46	244	4	3499622544	3500851412	1228868	4327	0.114305
SRR2496709	PE	1	0	47	251	5	3508224052	3509452920	1228868	4327	0.382207
SRR2496709	PE	1	0	48	246	0	3502080280	3503308864	1228584	4326	0.120349
SRR2496709	PE	1	0	49	253	1	3510681788	3511910656	1228868	4327	0.218147
SRR2496709	PE	1	0	50	272	2	3534028860	3535257728	1228868	4327	0.386326
SRR2496709	PE	1	1	0	1	1	19660888	39321660	19660772	71634	2.046575
SRR2496709	PE	1	1	1	8	2	157286544	176947404	19660860	71235	1.602162
SRR2496709	PE	1	1	2	15	3	294912264	314573024	19660760	70217	8.335075
SRR2496709	PE	1	1	3	28	4	550502424	570163464	19661040	70218	1.782211
SRR2496709	PE	1	1	4	35	5	688128024	707789064	19661040	70218	2.302119
SRR2496709	PE	1	1	5	36	0	707789064	727449824	19660760	70217	1.638583
SRR2496709	PE	1	1	6	43	1	845414664	865075424	19660760	70217	1.885922
SRR2496709	PE	1	1	7	50	2	983040264	1002701024	19660760	70217	1.743794
SRR2496709	PE	1	1	8	57	3	1120665864	1140326624	19660760	70217	2.1598
SRR2496709	PE	1	1	9	64	4	1258291464	1277952224	19660760	70217	2.097349
SRR2496709	PE	1	1	10	71	5	1395917064	1415577824	19660760	70217	1.712224
SRR2496709	PE	1	1	11	72	0	1415577824	1435238584	19660760	70217	1.720809
SRR2496709	PE	1	1	12	79	1	1553203424	1572864184	19660760	70217	2.797063
SRR2496709	PE	1	1	13	86	2	1690829024	1710489784	19660760	70217	1.621715
SRR2496709	PE	1	1	14	93	3	1828454624	1848115384	19660760	70217	4.845419
SRR2496709	PE	1	1	15	100	4	1966080224	1985740984	19660760	70217	9.46208
SRR2496709	PE	1	1	16	119	5	2339635224	2359296264	19661040	70218	2.057846
SRR2496709	PE	1	1	17	120	0	2359296264	2378957024	19660760	70217	2.374829
SRR2496709	PE	1	1	18	127	1	2496921864	2516582624	19660760	70217	1.690348
SRR2496709	PE	1	1	19	134	2	2634547464	2654208224	19660760	70217	2.739159
SRR2496709	PE	1	1	20	141	3	2772173064	2791833824	19660760	70217	1.567624
SRR2496709	PE	1	1	21	148	4	2909798564	2929459316	19660752	69228	1.482706
SRR2496709	PE	1	1	22	155	5	3047424112	3067084864	19660752	69228	1.397792
SRR2496709	PE	1	1	23	156	0	3067084864	3086745616	19660752	69228	1.416986
SRR2496709	PE	1	1	24	169	1	3204710412	3209625600	4915188	17307	0.698108
SRR2496709	PE	1	1	25	170	2	3209625600	3214541072	4915472	17308	0.675724
SRR2496709	PE	1	1	26	171	3	3214541072	3219456260	4915188	17307	0.553217
SRR2496709	PE	1	1	27	178	4	3248947388	3253862576	4915188	17307	0.506685
SRR2496709	PE	1	1	28	185	5	3283353704	3288268892	4915188	17307	0.457397
SRR2496709	PE	1	1	29	186	0	3288268892	3293184080	4915188	17307	0.550302
SRR2496709	PE	1	1	30	193	1	3322675208	3327590680	4915472	17308	0.461186
SRR2496709	PE	1	1	31	200	2	3357081808	3361996996	4915188	17307	0.40689
SRR2496709	PE	1	1	32	207	3	3391488124	3396403312	4915188	17307	0.484826
SRR2496709	PE	1	1	33	214	4	3425894440	3430809628	4915188	17307	0.389881
SRR2496709	PE	1	1	34	221	5	3460301040	3465216228	4915188	17307	0.403022
SRR2496709	PE	1	1	35	222	0	3465216228	3470131416	4915188	17307	0.462201
SRR2496709	PE	1	1	36	235	1	3488563300	3489792168	1228868	4327	0.127175
SRR2496709	PE	1	1	37	236	2	3489792168	3491021036	1228868	4327	0.231439
SRR2496709	PE	1	1	38	243	3	3498393676	3499622544	1228868	4327	0.132765
SRR2496709	PE	1	1	39	250	4	3506995468	3508224052	1228584	4326	0.121996
SRR2496709	PE	1	1	40	257	5	3515596976	3516825844	1228868	4327	0.127326
SRR2496709	PE	1	1	41	252	0	3509452920	3510681788	1228868	4327	0.119519
SRR2496709	PE	1	1	42	259	1	3518054428	3519283296	1228868	4327	0.114709
SRR2496709	PE	1	1	43	260	2	3519283296	3520512164	1228868	4327	0.113463
SRR2496709	PE	1	1	44	267	3	3527884804	3529113672	1228868	4327	0.313561
SRR2496709	PE	1	2	0	2	2	39321660	58982520	19660860	71235	2.116059
SRR2496709	PE	1	2	1	9	3	176947404	196608264	19660860	71235	1.678175
SRR2496709	PE	1	2	2	16	4	314573024	334233784	19660760	70217	2.373002
SRR2496709	PE	1	2	3	23	5	452198624	471859384	19660760	70217	1.585273
SRR2496709	PE	1	2	4	24	0	471859384	491520144	19660760	70217	1.596002
SRR2496709	PE	1	2	5	31	1	609484984	629145744	19660760	70217	2.422181
SRR2496709	PE	1	2	6	38	2	747110584	766771344	19660760	70217	1.956814
SRR2496709	PE	1	2	7	45	3	884736184	904396944	19660760	70217	2.47285
SRR2496709	PE	1	2	8	52	4	1022361784	1042022544	19660760	70217	2.73516
SRR2496709	PE	1	2	9	59	5	1159987384	1179648144	19660760	70217	2.379817
SRR2496709	PE	1	2	10	60	0	1179648144	1199308904	19660760	70217	1.497968
SRR2496709	PE	1	2	11	67	1	1317273744	1336934504	19660760	70217	1.958233
SRR2496709	PE	1	2	12	74	2	1454899344	1474560104	19660760	70217	1.659642
SRR2496709	PE	1	2	13	81	3	1592524944	1612185704	19660760	70217	8.221788
SRR2496709	PE	1	2	14	94	4	1848115384	1867776144	19660760	70217	1.90261
SRR2496709	PE	1	2	15	95	5	1867776144	1887436904	19660760	70217	1.770169
SRR2496709	PE	1	2	16	96	0	1887436904	1907097664	19660760	70217	2.468193
SRR2496709	PE	1	2	17	109	1	2143027344	2162688104	19660760	70217	1.612546
SRR2496709	PE	1	2	18	116	2	2280652944	2300313704	19660760	70217	1.94322
SRR2496709	PE	1	2	19	123	3	2418278544	2437939304	19660760	70217	1.700474
SRR2496709	PE	1	2	20	130	4	2555904144	2575564904	19660760	70217	1.653557
SRR2496709	PE	1	2	21	137	5	2693529744	2713190504	19660760	70217	3.031782
SRR2496709	PE	1	2	22	138	0	2713190504	2732851264	19660760	70217	2.203638
SRR2496709	PE	1	2	23	145	1	2850816024	2870477060	19661036	69229	1.567618
SRR2496709	PE	1	2	24	152	2	2988441856	3008102608	19660752	69228	3.490447
SRR2496709	PE	1	2	25	159	3	3126067404	3145728156	19660752	69228	1.686957
SRR2496709	PE	1	2	26	166	4	3189964848	3194880036	4915188	17307	0.456833
SRR2496709	PE	1	2	27	173	5	3224371448	3229286636	4915188	17307	0.455487
SRR2496709	PE	1	2	28	174	0	3229286636	3234201824	4915188	17307	0.556048
SRR2496709	PE	1	2	29	181	1	3263692952	3268608140	4915188	17307	0.548175
SRR2496709	PE	1	2	30	188	2	3298099268	3303014456	4915188	17307	0.559746
SRR2496709	PE	1	2	31	195	3	3332505868	3337421056	4915188	17307	0.467881
SRR2496709	PE	1	2	32	202	4	3366912184	3371827372	4915188	17307	0.391101
SRR2496709	PE	1	2	33	209	5	3401318500	3406233688	4915188	17307	0.521213
SRR2496709	PE	1	2	34	210	0	3406233688	3411148876	4915188	17307	0.461849
SRR2496709	PE	1	2	35	211	1	3411148876	3416064064	4915188	17307	0.35989
SRR2496709	PE	1	2	36	218	2	3445555476	3450470664	4915188	17307	0.37173
SRR2496709	PE	1	2	37	225	3	3476275472	3477504056	1228584	4326	0.204911
SRR2496709	PE	1	2	38	232	4	3484876980	3486105848	1228868	4327	0.114818
SRR2496709	PE	1	2	39	239	5	3493478488	3494707356	1228868	4327	0.196053
SRR2496709	PE	1	2	40	240	0	3494707356	3495936224	1228868	4327	0.151532
SRR2496709	PE	1	2	41	247	1	3503308864	3504537732	1228868	4327	0.125234
SRR2496709	PE	1	2	42	254	2	3511910656	3513139240	1228584	4326	0.333038
SRR2496709	PE	1	2	43	261	3	3520512164	3521741032	1228868	4327	0.113645
SRR2496709	PE	1	2	44	268	4	3529113672	3530342540	1228868	4327	0.15746
SRR2496709	PE	1	3	0	3	3	58982520	78643380	19660860	71235	2.275324
SRR2496709	PE	1	3	1	10	4	196608264	216268848	19660584	71234	1.557549
SRR2496709	PE	1	3	2	17	5	334233784	353894544	19660760	70217	1.749917
SRR2496709	PE	1	3	3	18	0	353894544	373555304	19660760	70217	2.022837
SRR2496709	PE	1	3	4	25	1	491520144	511180904	19660760	70217	2.124174
SRR2496709	PE	1	3	5	32	2	629145744	648806504	19660760	70217	2.107575
SRR2496709	PE	1	3	6	39	3	766771344	786432104	19660760	70217	1.339403
SRR2496709	PE	1	3	7	40	4	786432104	806092864	19660760	70217	1.685681
SRR2496709	PE	1	3	8	47	5	924057704	943718464	19660760	70217	2.321706
SRR2496709	PE	1	3	9	48	0	943718464	963379224	19660760	70217	2.962524
SRR2496709	PE	1	3	10	55	1	1081344064	1101004824	19660760	70217	2.371422
SRR2496709	PE	1	3	11	62	2	1218969664	1238630424	19660760	70217	1.558525
SRR2496709	PE	1	3	12	69	3	1356595264	1376256024	19660760	70217	1.767654
SRR2496709	PE	1	3	13	76	4	1494220864	1513881624	19660760	70217	1.633466
SRR2496709	PE	1	3	14	83	5	1631846464	1651507224	19660760	70217	1.982287
SRR2496709	PE	1	3	15	84	0	1651507224	1671168264	19661040	70218	2.219084
SRR2496709	PE	1	3	16	91	1	1789132824	1808793864	19661040	70218	1.771519
SRR2496709	PE	1	3	17	98	2	1926758424	1946419464	19661040	70218	1.46135
SRR2496709	PE	1	4	0	4	4	78643380	98304240	19660860	71235	2.529042
SRR2496709	PE	1	4	1	11	5	216268848	235929708	19660860	71235	1.781057
SRR2496709	PE	1	4	2	12	0	235929708	255590568	19660860	71235	1.931723
SRR2496709	PE	1	4	3	19	1	373555304	393216064	19660760	70217	2.067212
SRR2496709	PE	1	4	4	26	2	511180904	530841664	19660760	70217	2.292458
SRR2496709	PE	1	4	5	33	3	648806504	668467264	19660760	70217	1.641113
SRR2496709	PE	1	4	6	34	4	668467264	688128024	19660760	70217	2.040455
SRR2496709	PE	1	4	7	41	5	806092864	825753624	19660760	70217	1.911464
SRR2496709	PE	1	4	8	42	0	825753624	845414664	19661040	70218	2.27448
SRR2496709	PE	1	4	9	49	1	963379224	983040264	19661040	70218	3.32047
SRR2496709	PE	1	4	10	56	2	1101004824	1120665864	19661040	70218	2.095141
SRR2496709	PE	1	4	11	63	3	1238630424	1258291464	19661040	70218	1.602744
SRR2496709	PE	1	4	12	70	4	1376256024	1395917064	19661040	70218	3.555592
SRR2496709	PE	1	4	13	77	5	1513881624	1533542664	19661040	70218	1.840341
SRR2496709	PE	1	4	14	78	0	1533542664	1553203424	19660760	70217	2.198405
SRR2496709	PE	1	4	15	85	1	1671168264	1690829024	19660760	70217	2.038178
SRR2496709	PE	1	4	16	92	2	1808793864	1828454624	19660760	70217	1.506248
SRR2496709	PE	1	4	17	99	3	1946419464	1966080224	19660760	70217	1.544932
SRR2496709	PE	1	4	19	112	4	2202009624	2221670664	19661040	70218	1.754692
SRR2496709	PE	1	4	20	113	5	2221670664	2241331424	19660760	70217	1.857117
SRR2496709	PE	1	4	21	114	0	2241331424	2260992184	19660760	70217	1.466822
SRR2496709	PE	1	4	22	115	1	2260992184	2280652944	19660760	70217	1.912267
SRR2496709	PE	1	4	23	122	2	2398617784	2418278544	19660760	70217	1.417311
SRR2496709	PE	1	4	24	129	3	2536243384	2555904144	19660760	70217	1.673151
SRR2496709	PE	1	4	25	136	4	2673868984	2693529744	19660760	70217	2.715898
SRR2496709	PE	1	4	26	143	5	2811494520	2831155272	19660752	69228	2.173063
SRR2496709	PE	1	4	27	144	0	2831155272	2850816024	19660752	69228	2.160728
SRR2496709	PE	1	4	28	157	1	3086745616	3106406652	19661036	69229	1.358314
SRR2496709	PE	1	4	29	164	2	3180134472	3185049660	4915188	17307	0.340008
SRR2496709	PE	1	4	30	165	3	3185049660	3189964848	4915188	17307	0.411057
SRR2496709	PE	1	4	31	172	4	3219456260	3224371448	4915188	17307	0.42319
SRR2496709	PE	1	4	32	179	5	3253862576	3258777764	4915188	17307	0.416797
SRR2496709	PE	1	4	33	180	0	3258777764	3263692952	4915188	17307	5.097246
SRR2496709	PE	1	4	34	229	1	3481190660	3482419244	1228584	4326	0.133471
SRR2496709	PE	1	4	35	224	2	3475046604	3476275472	1228868	4327	0.23961
SRR2496709	PE	1	4	36	231	3	3483648112	3484876980	1228868	4327	0.117827
SRR2496709	PE	1	4	37	238	4	3492249620	3493478488	1228868	4327	0.103493
SRR2496709	PE	1	4	38	245	5	3500851412	3502080280	1228868	4327	0.481492
SRR2496709	PE	1	4	39	258	0	3516825844	3518054428	1228584	4326	0.117156
SRR2496709	PE	1	4	40	265	1	3525427352	3526656220	1228868	4327	0.122764
SRR2496709	PE	1	4	41	266	2	3526656220	3527884804	1228584	4326	0.21964
SRR2496709	PE	1	4	42	273	3	3535257728	3536060312	802584	2826	0.526823
SRR2496709	PE	1	4	19	107	5	2103705824	2123366584	19660760	70217	2.110261
SRR2496709	PE	1	4	20	108	0	2123366584	2143027344	19660760	70217	5.129043
SRR2496709	PE	1	4	21	121	1	2378957024	2398617784	19660760	70217	1.643037
SRR2496709	PE	1	4	22	128	2	2516582624	2536243384	19660760	70217	2.014542
SRR2496709	PE	1	4	23	135	3	2654208224	2673868984	19660760	70217	1.974609
SRR2496709	PE	1	4	24	142	4	2791833824	2811494520	19660696	69415	1.424407
SRR2496709	PE	1	4	25	149	5	2929459316	2949120068	19660752	69228	1.570785
SRR2496709	PE	1	4	26	150	0	2949120068	2968780820	19660752	69228	1.655702
SRR2496709	PE	1	4	27	151	1	2968780820	2988441856	19661036	69229	2.255587
SRR2496709	PE	1	4	28	182	2	3268608140	3273523328	4915188	17307	0.556668
SRR2496709	PE	1	4	29	189	3	3303014456	3307929644	4915188	17307	0.510695
SRR2496709	PE	1	4	30	196	4	3337421056	3342336244	4915188	17307	0.447595
SRR2496709	PE	1	4	31	203	5	3371827372	3376742560	4915188	17307	0.410197
SRR2496709	PE	1	4	32	204	0	3376742560	3381657748	4915188	17307	0.381048
SRR2496709	PE	1	4	33	205	1	3381657748	3386572936	4915188	17307	0.42043
SRR2496709	PE	1	4	34	212	2	3416064064	3420979252	4915188	17307	0.613973
SRR2496709	PE	1	4	35	219	3	3450470664	3455385852	4915188	17307	0.546532
SRR2496709	PE	1	4	36	226	4	3477504056	3478732924	1228868	4327	0.25401
SRR2496709	PE	1	4	37	233	5	3486105848	3487334432	1228584	4326	0.287363
SRR2496709	PE	1	4	38	234	0	3487334432	3488563300	1228868	4327	0.125777
SRR2496709	PE	1	4	39	241	1	3495936224	3497164808	1228584	4326	0.115549
SRR2496709	PE	1	4	40	248	2	3504537732	3505766600	1228868	4327	0.156853
SRR2496709	PE	1	4	41	249	3	3505766600	3506995468	1228868	4327	0.434058
SRR2496709	PE	1	4	42	262	4	3521741032	3522969616	1228584	4326	0.134708
SRR2496709	PE	1	4	43	269	5	3530342540	3531571408	1228868	4327	0.132324
SRR2496709	PE	1	4	44	270	0	3531571408	3532800276	1228868	4327	0.356697
SRR2496709	PE	1	5	0	5	5	98304240	117964824	19660584	71234	2.559563
SRR2496709	PE	1	5	1	6	0	117964824	137625684	19660860	71235	2.084547
SRR2496709	PE	1	5	2	13	1	255590568	275251428	19660860	71235	2.396734
SRR2496709	PE	1	5	3	20	2	393216064	412876824	19660760	70217	2.193438
SRR2496709	PE	1	5	4	27	3	530841664	550502424	19660760	70217	8.124164
SRR2496709	PE	1	5	5	46	4	904396944	924057704	19660760	70217	1.52054
SRR2496709	PE	1	5	6	53	5	1042022544	1061683304	19660760	70217	2.019155
SRR2496709	PE	1	5	7	54	0	1061683304	1081344064	19660760	70217	1.765886
SRR2496709	PE	1	5	8	61	1	1199308904	1218969664	19660760	70217	2.256671
SRR2496709	PE	1	5	9	68	2	1336934504	1356595264	19660760	70217	1.662483
SRR2496709	PE	1	5	10	75	3	1474560104	1494220864	19660760	70217	2.083043
SRR2496709	PE	1	5	11	82	4	1612185704	1631846464	19660760	70217	2.466373
SRR2496709	PE	1	5	12	89	5	1749811304	1769472064	19660760	70217	5.142324
SRR2496709	PE	1	5	13	90	0	1769472064	1789132824	19660760	70217	2.789918
SRR2496709	PE	1	5	14	97	1	1907097664	1926758424	19660760	70217	1.553767
SRR2496709	PE	1	5	15	104	2	2044723264	2064384024	19660760	70217	2.887213
SRR2496709	PE	1	5	16	111	3	2182348864	2202009624	19660760	70217	1.790467
SRR2496709	PE	1	5	17	118	4	2319974464	2339635224	19660760	70217	1.632198
SRR2496709	PE	1	5	18	125	5	2457600064	2477260824	19660760	70217	1.469408
SRR2496709	PE	1	5	19	126	0	2477260824	2496921864	19661040	70218	2.925789
SRR2496709	PE	1	5	20	133	1	2614886424	2634547464	19661040	70218	1.676156
SRR2496709	PE	1	5	21	140	2	2752512024	2772173064	19661040	70218	2.532343
SRR2496709	PE	1	5	22	147	3	2890137812	2909798564	19660752	69228	1.418758
SRR2496709	PE	1	5	23	154	4	3027763360	3047424112	19660752	69228	1.854744
SRR2496709	PE	1	5	24	161	5	3165388908	3170304096	4915188	17307	0.399224
SRR2496709	PE	1	5	25	162	0	3170304096	3175219284	4915188	17307	0.446956
SRR2496709	PE	1	5	26	163	1	3175219284	3180134472	4915188	17307	0.362367
SRR2496709	PE	1	5	27	158	2	3106406652	3126067404	19660752	69228	1.724605
SRR2496709	PE	1	5	28	183	3	3273523328	3278438516	4915188	17307	0.61506
SRR2496709	PE	1	5	29	190	4	3307929644	3312844832	4915188	17307	0.375105
SRR2496709	PE	1	5	30	197	5	3342336244	3347251432	4915188	17307	0.453141
SRR2496709	PE	1	5	31	198	0	3347251432	3352166620	4915188	17307	0.396699
SRR2496709	PE	1	5	32	199	1	3352166620	3357081808	4915188	17307	0.416319
SRR2496709	PE	1	5	33	206	2	3386572936	3391488124	4915188	17307	0.357105
SRR2496709	PE	1	5	34	213	3	3420979252	3425894440	4915188	17307	0.380405
SRR2496709	PE	1	5	35	220	4	3455385852	3460301040	4915188	17307	0.654814
SRR2496709	PE	1	5	36	227	5	3478732924	3479961792	1228868	4327	0.118354
SRR2496709	PE	1	5	37	228	0	3479961792	3481190660	1228868	4327	0.118703
SRR2496709	PE	1	5	38	223	1	3470131416	3475046604	4915188	17307	0.450096
SRR2496709	PE	1	5	39	242	2	3497164808	3498393676	1228868	4327	0.306452
SRR2496709	PE	1	5	40	255	3	3513139240	3514368108	1228868	4327	0.147664
SRR2496709	PE	1	5	41	256	4	3514368108	3515596976	1228868	4327	0.113861
SRR2496709	PE	1	5	42	263	5	3522969616	3524198484	1228868	4327	0.202645
SRR2496709	PE	1	5	43	264	0	3524198484	3525427352	1228868	4327	0.118939
SRR2496709	PE	1	5	44	271	1	3532800276	3534028860	1228584	4326	0.446213
