configuration	io_mode	dataset	read_mode	rank	world_size	pipeline_total	stage1	stage2	stage3	sam_output_writes	fread_time	fread_bandwidth	slowest_fread	raw_fastq_bytes	worker_total	worker_part1	worker_part2	worker_part3	worker_part4	worker_part5	worker_part6	output_flush_time	output_bandwidth	output_rma_flush_time	claimed_chunks	completed_records	claimed_input_bytes	slowest_chunk	slowest_chunk_stage2	log
mpi_dynamic_single	has1	ERR1203383	PE	0	6	238.295	18.852	57.521	125.583	123.482	17.273	65.129	0.888	1179648288	57.516	0.904	0.427	55.243	0.375	0.56	0.001	121.539824	10.599	0.000244	30	2576958	589824144	66	2.458732	mpi_dynamic_single/has1/ERR1203383_PE.run.log
mpi_dynamic_single	has1	ERR1203383	PE	1	6	238.295	23.319	57.514	121.89	120.002	21.97	51.207	0.884	1179648336	57.503	0.872	0.443	55.283	0.37	0.521	0.001	117.780606	10.957	0.125319	30	2574961	589824168	67	2.345658	mpi_dynamic_single/has1/ERR1203383_PE.run.log
mpi_dynamic_single	has1	ERR1203383	PE	2	6	238.3	18.028	55.658	127.518	125.511	16.999	63.975	0.951	1140327336	55.649	0.927	0.425	53.313	0.394	0.581	0.001	124.350949	10.055	0.118296	29	2488930	570163668	2	2.370005	mpi_dynamic_single/has1/ERR1203383_PE.run.log
mpi_dynamic_single	has1	ERR1203383	PE	3	6	238.295	21.255	98.564	118.241	116.312	17.589	63.924	0.872	1178966472	98.552	0.864	0.458	96.295	0.376	0.546	0.001	113.041551	11.462	0.115268	30	2572204	589483236	177	41.807436	mpi_dynamic_single/has1/ERR1203383_PE.run.log
mpi_dynamic_single	has1	ERR1203383	PE	4	6	238.297	20.701	63.932	122.321	120.311	19.507	57.672	0.874	1179647624	63.921	0.858	0.444	61.714	0.371	0.522	0.001	116.942837	11.061	0.108297	30	2573672	589823812	176	5.924743	mpi_dynamic_single/has1/ERR1203383_PE.run.log
mpi_dynamic_single	has1	ERR1203383	PE	5	6	238.297	18.73	55.901	125.676	123.59	17.569	61.897	0.998	1140324640	55.893	0.854	0.435	53.723	0.36	0.514	0.001	122.556608	10.167	0.123319	29	2487955	570162320	173	2.451293	mpi_dynamic_single/has1/ERR1203383_PE.run.log
mpi_dynamic_single	has1	ERR1203383	SE	0	6	82.489	11.018	25.515	42.804	41.646	9.398	61.85	0.652	609484984	25.506	0.945	0.312	23.626	0.193	0.423	0.001	41.708715	14.263	0.000129	31	2661703	609484984	0	1.302679	mpi_dynamic_single/has1/ERR1203383_SE.run.log
mpi_dynamic_single	has1	ERR1203383	SE	1	6	82.489	10.428	24.745	45.046	44.094	9.677	58.129	0.724	589824168	24.732	0.876	0.324	22.93	0.188	0.402	0.001	44.578771	12.949	0.094702	30	2574961	589824168	1	1.302443	mpi_dynamic_single/has1/ERR1203383_SE.run.log
mpi_dynamic_single	has1	ERR1203383	SE	2	6	82.497	10.452	24.241	44.136	43.156	9.442	57.586	0.75	570163668	24.234	0.897	0.296	22.465	0.207	0.362	0.0	43.705067	12.848	0.073461	29	2488930	570163668	176	1.42315	mpi_dynamic_single/has1/ERR1203383_SE.run.log
mpi_dynamic_single	has1	ERR1203383	SE	3	6	82.497	11.473	31.028	39.9	38.981	9.75	57.657	0.633	589483236	31.019	0.872	0.334	29.212	0.187	0.403	0.001	37.389936	15.515	0.062952	30	2572204	589483236	177	7.004277	mpi_dynamic_single/has1/ERR1203383_SE.run.log
mpi_dynamic_single	has1	ERR1203383	SE	4	6	82.494	11.184	24.96	42.222	41.29	10.222	55.026	0.736	589823812	24.945	0.857	0.336	23.148	0.187	0.401	0.001	41.354509	13.952	0.068083	30	2573672	589823812	4	1.23625	mpi_dynamic_single/has1/ERR1203383_SE.run.log
mpi_dynamic_single	has1	ERR1203383	SE	5	6	82.487	10.589	22.921	44.933	44.052	9.753	53.83	0.762	550501480	22.916	0.84	0.296	21.222	0.173	0.377	0.001	44.469712	12.101	0.063387	28	2403210	550501480	5	1.313174	mpi_dynamic_single/has1/ERR1203383_SE.run.log
mpi_dynamic_single	has1	SRR2496709	PE	0	6	176.258	19.745	63.036	89.635	87.917	17.592	63.951	0.782	1179647840	63.029	0.904	0.4	60.813	0.301	0.603	0.001	88.019657	14.654	0.000232	30	2104844	589823920	108	5.146322	mpi_dynamic_single/has1/SRR2496709_PE.run.log
mpi_dynamic_single	has1	SRR2496709	PE	1	6	176.26	22.365	64.01	89.263	87.641	19.373	61.942	0.826	1258294024	64.003	0.889	0.451	61.701	0.318	0.636	0.001	85.173258	16.23	0.129064	32	2242494	629147012	49	3.299641	mpi_dynamic_single/has1/SRR2496709_PE.run.log
mpi_dynamic_single	has1	SRR2496709	PE	2	6	176.264	24.063	63.926	83.815	82.003	19.587	59.352	0.909	1218969240	63.917	0.932	0.439	61.606	0.361	0.568	0.001	81.378193	16.358	0.157293	31	2171859	609484620	165	6.302625	mpi_dynamic_single/has1/SRR2496709_PE.run.log
mpi_dynamic_single	has1	SRR2496709	PE	3	6	176.267	20.479	74.255	76.669	75.257	16.881	62.202	0.775	1101004576	74.249	0.84	0.362	72.196	0.284	0.557	0.001	74.534106	16.217	0.108305	28	1964159	550502288	15	8.349281	mpi_dynamic_single/has1/SRR2496709_PE.run.log
mpi_dynamic_single	has1	SRR2496709	PE	4	6	176.266	21.994	64.627	84.865	83.369	18.025	60.334	0.822	1140325400	64.616	0.859	0.422	62.465	0.291	0.568	0.001	82.964829	15.142	0.110819	29	2032584	570162700	100	9.440684	mpi_dynamic_single/has1/SRR2496709_PE.run.log
mpi_dynamic_single	has1	SRR2496709	PE	5	6	176.274	21.124	60.678	88.414	86.818	18.307	61.151	0.946	1173879544	60.67	0.878	0.407	58.482	0.303	0.589	0.001	85.932314	14.955	0.116622	30	2091471	586939772	89	5.118012	mpi_dynamic_single/has1/SRR2496709_PE.run.log
mpi_dynamic_single	has1	SRR2496709	SE	0	6	83.514	11.416	26.508	41.263	40.34	9.459	61.162	0.679	606600936	26.499	0.914	0.339	24.622	0.16	0.456	0.001	42.28013	14.234	0.000106	31	2163918	606600936	108	1.37449	mpi_dynamic_single/has1/SRR2496709_SE.run.log
mpi_dynamic_single	has1	SRR2496709	SE	1	6	83.514	9.445	25.553	46.966	46.213	8.671	64.875	0.701	589825508	25.548	0.877	0.304	23.77	0.153	0.439	0.0	46.324964	12.705	0.096682	30	2104038	589825508	1	1.20081	mpi_dynamic_single/has1/SRR2496709_SE.run.log
mpi_dynamic_single	has1	SRR2496709	SE	2	6	83.514	10.707	24.574	45.743	44.894	8.68	64.804	0.771	589823868	24.571	0.91	0.341	22.726	0.171	0.418	0.0	45.612013	12.815	0.070674	30	2102631	589823868	2	1.252664	mpi_dynamic_single/has1/SRR2496709_SE.run.log
mpi_dynamic_single	has1	SRR2496709	SE	3	6	83.516	10.675	28.754	40.734	39.952	9.116	61.702	0.661	589823792	28.744	0.879	0.316	26.947	0.154	0.441	0.0	41.536247	14.163	0.079185	30	2102615	589823792	27	2.156985	mpi_dynamic_single/has1/SRR2496709_SE.run.log
mpi_dynamic_single	has1	SRR2496709	SE	4	6	83.517	12.563	27.59	38.963	38.092	10.299	58.259	0.692	629144956	27.575	0.887	0.367	25.68	0.165	0.463	0.001	39.910464	15.751	0.076569	32	2240268	629144956	100	2.22112	mpi_dynamic_single/has1/SRR2496709_SE.run.log
mpi_dynamic_single	has1	SRR2496709	SE	5	6	83.518	10.691	22.625	45.94	45.193	8.673	58.369	0.891	530841252	22.614	0.831	0.257	20.982	0.141	0.392	0.001	47.606221	11.107	0.087925	27	1893941	530841252	89	1.512571	mpi_dynamic_single/has1/SRR2496709_SE.run.log
mpi_dynamic_single	has1	small_SRR7963242	PE	0	6	290.165	17.973	232.954	36.94	35.651	15.172	79.095	0.644	1258290704	232.944	0.961	0.447	230.732	0.24	0.554	0.001	33.962404	39.284	0.000282	32	1658529	629145352	0	10.26615	mpi_dynamic_single/has1/small_SRR7963242_PE.run.log
mpi_dynamic_single	has1	small_SRR7963242	PE	1	6	290.167	19.318	229.082	38.054	36.75	15.342	78.217	0.693	1258291328	229.069	0.95	0.439	226.839	0.238	0.591	0.001	35.265706	37.977	0.148235	32	1657854	629145664	1	8.552671	mpi_dynamic_single/has1/small_SRR7963242_PE.run.log
mpi_dynamic_single	has1	small_SRR7963242	PE	2	6	290.165	20.278	226.764	37.754	36.46	16.17	74.21	0.741	1258292288	226.755	0.916	0.432	224.472	0.253	0.672	0.001	35.511227	37.673	0.126093	32	1657299	629146144	2	8.936962	mpi_dynamic_single/has1/small_SRR7963242_PE.run.log
mpi_dynamic_single	has1	small_SRR7963242	PE	3	6	290.158	25.322	233.805	30.586	29.303	21.183	58.42	0.618	1297612424	233.79	0.918	0.437	231.579	0.247	0.592	0.001	27.173887	50.837	0.132313	33	1709036	648806212	3	8.348528	mpi_dynamic_single/has1/small_SRR7963242_PE.run.log
mpi_dynamic_single	has1	small_SRR7963242	PE	4	6	290.158	20.479	225.126	37.889	36.669	19.461	61.762	0.682	1260332904	225.112	0.908	0.419	222.902	0.239	0.628	0.001	36.01937	37.204	0.130658	33	1659984	630166452	4	8.39395	mpi_dynamic_single/has1/small_SRR7963242_PE.run.log
mpi_dynamic_single	has1	small_SRR7963242	PE	5	6	290.164	20.996	226.924	35.457	34.231	20.033	59.901	0.787	1258291528	226.919	0.883	0.444	224.718	0.238	0.628	0.001	32.628267	41.042	0.145354	32	1657298	629145764	5	8.213401	mpi_dynamic_single/has1/small_SRR7963242_PE.run.log
mpi_dynamic_single	has1	small_SRR7963242	SE	0	6	93.253	11.768	53.552	24.527	23.756	9.848	62.833	0.744	648806172	53.548	1.068	0.35	51.48	0.122	0.523	0.0	25.373511	25.204	0.000139	33	1710268	648806172	0	3.053875	mpi_dynamic_single/has1/small_SRR7963242_SE.run.log
mpi_dynamic_single	has1	small_SRR7963242	SE	1	6	93.247	9.465	49.582	30.166	29.569	8.518	68.235	0.724	609484844	49.57	0.877	0.288	47.791	0.122	0.477	0.001	30.416138	19.812	0.102505	31	1606115	609484844	1	2.50375	mpi_dynamic_single/has1/small_SRR7963242_SE.run.log
mpi_dynamic_single	has1	small_SRR7963242	SE	2	6	93.254	12.136	51.186	26.124	25.388	9.475	63.324	0.79	629146144	51.171	0.928	0.327	49.284	0.142	0.475	0.001	26.480362	23.461	0.069283	32	1657299	629146144	2	2.693034	mpi_dynamic_single/has1/small_SRR7963242_SE.run.log
mpi_dynamic_single	has1	small_SRR7963242	SE	3	6	93.248	12.411	54.383	23.146	22.454	10.226	62.34	0.704	668467032	54.373	0.921	0.335	52.441	0.13	0.535	0.001	24.403573	27.079	0.09096	34	1760775	668467032	3	2.428398	mpi_dynamic_single/has1/small_SRR7963242_SE.run.log
mpi_dynamic_single	has1	small_SRR7963242	SE	4	6	93.251	11.066	52.508	25.389	24.729	10.15	61.058	0.729	649827272	52.498	0.908	0.352	50.589	0.124	0.512	0.002	25.410877	25.249	0.064766	34	1711723	649827272	4	2.451121	mpi_dynamic_single/has1/small_SRR7963242_SE.run.log
mpi_dynamic_single	has1	small_SRR7963242	SE	5	6	93.247	11.08	48.917	28.836	28.224	9.242	60.865	0.806	589824124	48.908	0.864	0.34	47.103	0.115	0.477	0.001	28.07075	20.792	0.127811	30	1553820	589824124	5	2.338503	mpi_dynamic_single/has1/small_SRR7963242_SE.run.log
mpi_dynamic_single	no1	ERR1203383	PE	0	6	188.174	34.387	58.009	159.466	157.092	28.755	39.123	1.346	1179648288	58.002	1.047	0.522	55.499	0.375	0.553	0.001	155.020617	8.31	0.000545	30	2576958	589824144	66	2.470211	mpi_dynamic_single/no1/ERR1203383_PE.run.log
mpi_dynamic_single	no1	ERR1203383	PE	1	6	188.169	32.877	62.019	160.195	158.023	27.678	40.646	1.306	1179648336	62.013	1.118	0.527	59.431	0.385	0.546	0.001	154.865966	8.355	0.129478	30	2574961	589824168	176	5.950106	mpi_dynamic_single/no1/ERR1203383_PE.run.log
mpi_dynamic_single	no1	ERR1203383	PE	2	6	188.172	31.95	56.239	156.488	154.179	27.482	39.571	1.28	1140327336	56.229	1.203	0.496	53.506	0.414	0.6	0.001	153.4071	8.149	0.118175	29	2488930	570163668	2	2.490856	mpi_dynamic_single/no1/ERR1203383_PE.run.log
mpi_dynamic_single	no1	ERR1203383	PE	3	6	188.171	34.333	99.087	156.205	154.156	27.758	40.505	1.331	1178966472	99.076	1.058	0.512	96.55	0.392	0.554	0.001	149.945731	8.639	0.111707	30	2572204	589483236	177	41.891686	mpi_dynamic_single/no1/ERR1203383_PE.run.log
mpi_dynamic_single	no1	ERR1203383	PE	4	6	188.176	33.152	60.528	159.538	157.359	28.477	39.506	1.207	1179647624	60.522	1.164	0.527	57.885	0.381	0.558	0.001	154.872079	8.328	0.129562	30	2573672	589823812	172	4.550321	mpi_dynamic_single/no1/ERR1203383_PE.run.log
mpi_dynamic_single	no1	ERR1203383	PE	5	6	188.172	33.799	56.281	157.171	155.199	28.534	38.112	1.346	1140324640	56.276	1.049	0.521	53.812	0.36	0.526	0.001	154.240488	8.076	0.116294	29	2487955	570162320	173	2.480221	mpi_dynamic_single/no1/ERR1203383_PE.run.log
mpi_dynamic_single	no1	ERR1203383	SE	0	6	84.03	20.803	25.206	68.467	67.353	16.795	33.492	1.352	589824144	25.204	1.204	0.273	23.116	0.181	0.426	0.001	70.36702	8.181	0.000195	30	2576958	589824144	0	1.511308	mpi_dynamic_single/no1/ERR1203383_SE.run.log
mpi_dynamic_single	no1	ERR1203383	SE	1	6	84.026	19.07	25.085	76.258	75.256	15.352	36.641	1.356	589824168	25.082	0.996	0.312	23.171	0.18	0.418	0.0	74.263748	7.768	0.073583	30	2574961	589824168	1	1.331537	mpi_dynamic_single/no1/ERR1203383_SE.run.log
mpi_dynamic_single	no1	ERR1203383	SE	2	6	84.027	18.76	25.607	76.997	75.803	15.415	36.49	1.359	589824508	25.6	1.272	0.315	23.407	0.211	0.385	0.001	73.764204	7.863	0.066455	30	2573675	589824508	2	1.490412	mpi_dynamic_single/no1/ERR1203383_SE.run.log
mpi_dynamic_single	no1	ERR1203383	SE	3	6	84.025	19.488	31.325	73.952	72.822	15.247	36.872	1.284	589483236	31.316	0.96	0.293	29.451	0.181	0.421	0.001	72.582455	7.988	0.080844	30	2572204	589483236	177	7.100379	mpi_dynamic_single/no1/ERR1203383_SE.run.log
mpi_dynamic_single	no1	ERR1203383	SE	4	6	84.023	18.435	25.278	70.059	69.028	15.097	37.26	1.383	589823812	25.273	1.027	0.299	23.345	0.18	0.416	0.001	71.110903	8.107	0.066291	30	2573672	589823812	4	1.250255	mpi_dynamic_single/no1/ERR1203383_SE.run.log
mpi_dynamic_single	no1	ERR1203383	SE	5	6	84.028	19.354	23.343	72.237	71.278	15.923	32.971	1.364	550501480	23.338	1.061	0.309	21.402	0.168	0.39	0.001	74.07014	7.262	0.063521	28	2403210	550501480	5	1.403807	mpi_dynamic_single/no1/ERR1203383_SE.run.log
mpi_dynamic_single	no1	SRR2496709	PE	0	6	175.023	33.096	63.729	164.656	162.513	28.498	39.476	1.223	1179647840	63.724	1.079	0.516	61.227	0.3	0.598	0.001	161.918909	7.966	0.000476	30	2104844	589823920	108	5.170409	mpi_dynamic_single/no1/SRR2496709_PE.run.log
mpi_dynamic_single	no1	SRR2496709	PE	1	6	175.028	33.267	61.388	166.483	164.541	27.405	41.051	1.272	1179651016	61.381	1.131	0.522	58.825	0.306	0.587	0.001	162.121764	7.991	0.118477	30	2104038	589825508	49	3.328374	mpi_dynamic_single/no1/SRR2496709_PE.run.log
mpi_dynamic_single	no1	SRR2496709	PE	2	6	175.025	38.233	58.288	166.068	163.901	31.431	35.792	1.253	1179647736	58.28	1.303	0.5	55.575	0.351	0.537	0.001	161.953472	7.946	0.120574	30	2102631	589823868	152	3.500845	mpi_dynamic_single/no1/SRR2496709_PE.run.log
mpi_dynamic_single	no1	SRR2496709	PE	3	6	175.024	31.795	82.643	163.029	161.054	26.224	42.9	1.53	1179647584	82.633	1.053	0.515	80.161	0.301	0.59	0.001	161.554609	8.009	0.11144	30	2102615	589823792	81	8.380563	mpi_dynamic_single/no1/SRR2496709_PE.run.log
mpi_dynamic_single	no1	SRR2496709	PE	4	6	175.021	33.822	67.064	165.177	163.387	28.016	40.156	1.287	1179646904	67.054	1.065	0.528	64.547	0.305	0.597	0.002	162.806594	7.971	0.11474	30	2101812	589823452	100	9.630448	mpi_dynamic_single/no1/SRR2496709_PE.run.log
mpi_dynamic_single	no1	SRR2496709	PE	5	6	175.018	36.379	61.195	167.015	165.259	31.434	35.614	1.497	1173879544	61.185	1.079	0.524	58.676	0.3	0.596	0.002	162.268513	7.916	0.133736	30	2091471	586939772	89	5.119613	mpi_dynamic_single/no1/SRR2496709_PE.run.log
mpi_dynamic_single	no1	SRR2496709	SE	0	6	82.732	20.319	26.99	72.923	72.031	16.697	34.811	1.19	609484672	26.986	1.201	0.284	24.88	0.155	0.463	0.001	74.100245	8.158	0.000311	31	2174072	609484672	0	1.470186	mpi_dynamic_single/no1/SRR2496709_SE.run.log
mpi_dynamic_single	no1	SRR2496709	SE	1	6	82.733	17.626	25.122	69.19	68.285	14.589	37.271	1.498	570164472	25.121	1.003	0.294	23.243	0.141	0.438	0.0	70.909906	8.018	0.059857	29	2034809	570164472	1	1.220129	mpi_dynamic_single/no1/SRR2496709_SE.run.log
mpi_dynamic_single	no1	SRR2496709	SE	2	6	82.724	18.601	24.904	75.207	74.092	15.579	36.106	1.545	589823868	24.901	1.125	0.312	22.862	0.171	0.426	0.001	72.913236	8.012	0.075508	30	2102631	589823868	2	1.330345	mpi_dynamic_single/no1/SRR2496709_SE.run.log
mpi_dynamic_single	no1	SRR2496709	SE	3	6	82.73	17.081	28.272	68.726	67.908	13.687	39.726	1.242	570163040	28.267	0.979	0.308	26.394	0.143	0.435	0.001	70.852375	8.025	0.063275	29	2033387	570163040	27	2.171142	mpi_dynamic_single/no1/SRR2496709_SE.run.log
mpi_dynamic_single	no1	SRR2496709	SE	4	6	82.726	20.645	27.74	72.625	71.733	16.254	36.745	1.494	626261504	27.736	0.99	0.285	25.819	0.154	0.483	0.001	74.277955	8.415	0.074399	32	2230115	626261504	100	2.231665	mpi_dynamic_single/no1/SRR2496709_SE.run.log
mpi_dynamic_single	no1	SRR2496709	SE	5	6	82.733	17.96	24.813	69.685	68.824	14.485	37.54	1.538	570162756	24.811	1.359	0.259	22.612	0.141	0.438	0.001	71.510754	7.925	0.057202	29	2032397	570162756	5	1.820195	mpi_dynamic_single/no1/SRR2496709_SE.run.log
mpi_dynamic_single	no1	small_SRR7963242	PE	0	6	276.524	35.057	270.583	124.95	122.516	29.183	41.12	1.107	1258290704	270.574	1.152	0.528	268.089	0.238	0.558	0.001	119.918812	11.126	0.00041	32	1658529	629145352	0	11.530628	mpi_dynamic_single/no1/small_SRR7963242_PE.run.log
mpi_dynamic_single	no1	small_SRR7963242	PE	1	6	276.521	50.66	266.011	117.614	115.747	40.191	29.906	1.285	1260333456	265.999	1.108	0.517	263.519	0.237	0.606	0.001	115.533322	11.577	0.146536	33	1660541	630166728	1	9.661574	mpi_dynamic_single/no1/small_SRR7963242_PE.run.log
mpi_dynamic_single	no1	small_SRR7963242	PE	2	6	276.526	44.391	271.526	136.132	134.168	39.059	30.723	1.22	1258292288	271.518	1.27	0.711	268.635	0.262	0.628	0.001	131.851512	10.122	0.159281	32	1657299	629146144	2	10.240562	mpi_dynamic_single/no1/small_SRR7963242_PE.run.log
mpi_dynamic_single	no1	small_SRR7963242	PE	3	6	276.523	40.337	269.754	87.499	85.663	32.921	36.451	1.039	1258290784	269.741	1.201	0.519	267.202	0.238	0.566	0.001	82.906878	16.105	0.135629	32	1657297	629145392	171	9.640903	mpi_dynamic_single/no1/small_SRR7963242_PE.run.log
mpi_dynamic_single	no1	small_SRR7963242	PE	4	6	276.526	45.298	273.226	102.271	99.959	39.466	31.356	1.26	1297612416	273.212	1.254	0.552	270.484	0.252	0.654	0.001	96.194526	14.308	0.124585	33	1709036	648806208	4	9.510637	mpi_dynamic_single/no1/small_SRR7963242_PE.run.log
mpi_dynamic_single	no1	small_SRR7963242	PE	5	6	276.522	37.035	269.349	109.557	107.435	33.936	35.36	1.455	1258291528	269.336	1.355	0.601	266.52	0.241	0.607	0.001	105.330499	12.675	0.152628	32	1657298	629145764	5	9.251522	mpi_dynamic_single/no1/small_SRR7963242_PE.run.log
mpi_dynamic_single	no1	small_SRR7963242	SE	0	6	92.661	14.873	50.951	80.502	79.465	12.801	45.405	1.07	609484912	50.949	1.373	0.259	48.697	0.113	0.505	0.001	81.218273	7.397	0.000228	31	1606791	609484912	0	3.210228	mpi_dynamic_single/no1/small_SRR7963242_SE.run.log
mpi_dynamic_single	no1	small_SRR7963242	SE	1	6	92.659	18.352	50.294	79.78	79.075	14.459	40.267	0.907	610505908	50.281	1.03	0.42	48.205	0.119	0.493	0.002	81.881561	7.353	0.073849	32	1608802	610505908	1	2.530319	mpi_dynamic_single/no1/small_SRR7963242_SE.run.log
mpi_dynamic_single	no1	small_SRR7963242	SE	2	6	92.658	19.912	51.619	79.09	78.253	15.754	38.086	1.0	629146144	51.609	1.205	0.322	49.457	0.141	0.475	0.001	81.293795	7.629	0.073777	32	1657299	629146144	2	2.851018	mpi_dynamic_single/no1/small_SRR7963242_SE.run.log
mpi_dynamic_single	no1	small_SRR7963242	SE	3	6	92.656	17.168	53.094	76.476	75.74	14.167	43.677	1.066	648806212	53.08	1.052	0.345	51.057	0.127	0.485	0.001	79.219097	8.072	0.056006	33	1709036	648806212	3	2.451249	mpi_dynamic_single/no1/small_SRR7963242_SE.run.log
mpi_dynamic_single	no1	small_SRR7963242	SE	4	6	92.661	17.634	52.706	78.272	77.559	15.735	39.322	1.014	648806208	52.696	1.187	0.351	50.496	0.124	0.528	0.001	81.060682	7.888	0.053765	33	1709036	648806208	4	2.540178	mpi_dynamic_single/no1/small_SRR7963242_SE.run.log
mpi_dynamic_single	no1	small_SRR7963242	SE	5	6	92.658	20.752	53.668	77.599	76.849	17.164	36.05	1.07	648806204	53.655	1.056	0.323	51.65	0.124	0.487	0.001	80.371492	7.957	0.064884	33	1709036	648806204	5	2.350188	mpi_dynamic_single/no1/small_SRR7963242_SE.run.log
mpi_dynamic_split	has1	ERR1203383	PE	0	6	187.428	30.874	63.678	53.453	51.272	26.237	44.308	0.796	1218969968	63.668	0.922	0.445	61.284	0.398	0.609	0.002	48.204119	27.692		31	2661703	609484984	176	5.958786	mpi_dynamic_split/has1/ERR1203383_PE.run.log
mpi_dynamic_split	has1	ERR1203383	PE	1	6	187.42	29.801	57.417	57.649	55.657	27.679	40.645	0.967	1179648336	57.41	0.883	0.432	55.171	0.369	0.546	0.002	52.303966	24.648		30	2574961	589824168	67	2.349922	mpi_dynamic_split/has1/ERR1203383_PE.run.log
mpi_dynamic_split	has1	ERR1203383	PE	2	6	187.427	28.145	97.567	61.431	59.146	26.391	42.604	0.942	1178966472	97.558	0.947	0.432	95.055	0.444	0.668	0.001	55.317506	23.407		30	2572204	589483236	177	41.795575	mpi_dynamic_split/has1/ERR1203383_PE.run.log
mpi_dynamic_split	has1	ERR1203383	PE	3	6	187.429	32.584	56.732	54.38	52.418	27.603	39.398	0.833	1140327336	56.726	0.864	0.418	54.544	0.369	0.524	0.001	49.772256	25.087		29	2488930	570163668	75	3.420214	mpi_dynamic_split/has1/ERR1203383_PE.run.log
mpi_dynamic_split	has1	ERR1203383	PE	4	6	187.422	29.572	58.069	59.545	57.552	26.836	40.524	0.887	1140325944	58.059	0.858	0.42	55.879	0.369	0.522	0.001	54.477813			29	2488927	570162972	172	4.540255	mpi_dynamic_split/has1/ERR1203383_PE.run.log
mpi_dynamic_split	has1	ERR1203383	PE	5	6	187.425	28.98	56.113	60.848	58.915	25.951	41.905	1.012	1140324640	56.105	0.872	0.436	53.868	0.376	0.542	0.001	55.989896	22.231		29	2487955	570162320	173	2.455744	mpi_dynamic_split/has1/ERR1203383_PE.run.log
mpi_dynamic_split	has1	ERR1203383	SE	0	6	75.541	15.724	26.895	26.141	25.033	13.248	45.29	0.676	629145824	26.891	0.913	0.33	25.007	0.196	0.44	0.0	23.977431	25.693		32	2746448	629145824	176	1.431534	mpi_dynamic_split/has1/ERR1203383_SE.run.log
mpi_dynamic_split	has1	ERR1203383	SE	1	6	75.54	15.519	23.991	27.761	26.829	13.588	40.017	0.702	570163328	23.975	0.877	0.297	22.221	0.179	0.395	0.001	26.737734	20.835		29	2490216	570163328	1	1.320263	mpi_dynamic_split/has1/ERR1203383_SE.run.log
mpi_dynamic_split	has1	ERR1203383	SE	2	6	75.543	14.225	23.683	29.302	28.176	11.971	45.424	0.748	570163668	23.67	0.919	0.315	21.855	0.214	0.356	0.001	27.878293	20.028		29	2488930	570163668	2	1.290399	mpi_dynamic_split/has1/ERR1203383_SE.run.log
mpi_dynamic_split	has1	ERR1203383	SE	3	6	75.547	17.848	30.977	26.647	25.664	14.767	38.069	0.704	589483236	30.965	0.869	0.311	29.17	0.185	0.418	0.001	23.967533	24.162		30	2572204	589483236	177	7.066051	mpi_dynamic_split/has1/ERR1203383_SE.run.log
mpi_dynamic_split	has1	ERR1203383	SE	4	6	75.542	14.708	24.238	28.76	27.711	13.43	40.488	0.706	570162972	24.231	0.875	0.295	22.48	0.177	0.397	0.0	27.431956	20.305		29	2488927	570162972	4	1.241796	mpi_dynamic_split/has1/ERR1203383_SE.run.log
mpi_dynamic_split	has1	ERR1203383	SE	5	6	75.54	15.478	23.674	29.06	28.132	14.292	38.045	0.875	570162320	23.666	0.854	0.29	21.94	0.178	0.395	0.001	27.874526	19.96		29	2487955	570162320	5	1.310128	mpi_dynamic_split/has1/ERR1203383_SE.run.log
mpi_dynamic_split	has1	SRR2496709	PE	0	6	159.138	30.138	71.712	56.749	54.852	26.782	44.806	0.745	1258291416	71.705	0.964	0.461	69.313	0.317	0.643	0.001	51.845008	26.521		32	2243301	629145708	165	6.319083	mpi_dynamic_split/has1/SRR2496709_PE.run.log
mpi_dynamic_split	has1	SRR2496709	PE	1	6	159.136	30.236	60.662	62.652	61.078	25.768	43.659	0.813	1179650448	60.655	0.902	0.438	58.413	0.3	0.595	0.001	58.56332	22.096		30	2104037	589825224	49	3.340382	mpi_dynamic_split/has1/SRR2496709_PE.run.log
mpi_dynamic_split	has1	SRR2496709	PE	2	6	159.141	34.985	59.548	61.396	59.519	28.931	40.181	0.858	1218969240	59.538	0.951	0.434	57.207	0.359	0.575	0.002	57.156717	23.238		31	2171859	609484620	152	3.499596	mpi_dynamic_split/has1/SRR2496709_PE.run.log
mpi_dynamic_split	has1	SRR2496709	PE	3	6	159.14	32.488	72.364	51.208	49.686	26.98	37.528	0.855	1061683072	72.358	0.846	0.399	70.292	0.275	0.54	0.001	47.145629	24.71		27	1894931	530841536	15	8.317582	mpi_dynamic_split/has1/SRR2496709_PE.run.log
mpi_dynamic_split	has1	SRR2496709	PE	4	6	159.137	33.535	64.82	56.294	54.735	27.121	40.098	1.019	1140325400	64.812	0.849	0.429	62.661	0.284	0.58	0.001	52.758154	23.779		29	2032584	570162700	100	9.515957	mpi_dynamic_split/has1/SRR2496709_PE.run.log
mpi_dynamic_split	has1	SRR2496709	PE	5	6	159.137	34.696	62.707	56.337	54.69	28.713	40.296	1.042	1213201048	62.701	0.885	0.442	60.442	0.313	0.609	0.001	52.907684	25.077		31	2160699	606600524	89	5.160085	mpi_dynamic_split/has1/SRR2496709_PE.run.log
mpi_dynamic_split	has1	SRR2496709	SE	0	6	72.328	15.472	26.605	26.792	25.752	13.265	43.818	0.742	609484956	26.602	1.054	0.318	24.607	0.153	0.467	0.001	24.657889	24.523		31	2174073	609484956	0	1.416616	mpi_dynamic_split/has1/SRR2496709_SE.run.log
mpi_dynamic_split	has1	SRR2496709	SE	1	6	72.326	14.819	25.415	31.546	30.783	13.152	42.77	0.71	589825224	25.403	0.86	0.303	23.634	0.158	0.434	0.001	29.640659	19.808		30	2104037	589825224	1	1.199087	mpi_dynamic_split/has1/SRR2496709_SE.run.log
mpi_dynamic_split	has1	SRR2496709	SE	2	6	72.328	16.756	24.403	30.887	30.044	13.63	41.27	0.741	589823868	24.4	0.913	0.316	22.577	0.173	0.417	0.001	28.732341	20.338		30	2102631	589823868	2	1.248121	mpi_dynamic_split/has1/SRR2496709_SE.run.log
mpi_dynamic_split	has1	SRR2496709	SE	3	6	72.326	12.525	27.976	29.206	28.436	11.439	47.535	0.61	570163040	27.968	0.867	0.3	26.217	0.147	0.428	0.0	29.202884	19.429		29	2033387	570163040	27	2.145526	mpi_dynamic_split/has1/SRR2496709_SE.run.log
mpi_dynamic_split	has1	SRR2496709	SE	4	6	72.32	16.23	26.017	28.639	27.792	12.911	43.567	0.714	589823452	26.01	0.897	0.303	24.207	0.151	0.444	0.001	26.763507	22.003		30	2101812	589823452	100	2.252897	mpi_dynamic_split/has1/SRR2496709_SE.run.log
mpi_dynamic_split	has1	SRR2496709	SE	5	6	72.32	15.772	25.108	31.115	30.294	13.751	40.705	0.767	586939772	25.099	0.88	0.342	23.276	0.151	0.442	0.001	28.945119	20.128		30	2091471	586939772	89	1.515623	mpi_dynamic_split/has1/SRR2496709_SE.run.log
mpi_dynamic_split	has1	small_SRR7963242	PE	0	6	297.523	23.235	228.907	41.009	39.676	20.348	58.974	0.682	1258290704	228.894	0.929	0.45	226.64	0.243	0.618	0.002	39.257853	33.984		32	1658529	629145352	0	10.224873	mpi_dynamic_split/has1/small_SRR7963242_PE.run.log
mpi_dynamic_split	has1	small_SRR7963242	PE	1	6	297.521	26.04	224.229	40.383	39.2	22.173	54.209	0.777	1260333456	224.224	0.904	0.458	222.018	0.233	0.606	0.001	37.840586	35.3		33	1660541	630166728	1	8.513721	mpi_dynamic_split/has1/small_SRR7963242_PE.run.log
mpi_dynamic_split	has1	small_SRR7963242	PE	2	6	297.516	23.29	228.792	41.469	40.128	21.105	56.858	0.812	1258292288	228.776	0.963	0.439	226.47	0.262	0.625	0.002	39.564814	33.692		32	1657299	629146144	2	8.927829	mpi_dynamic_split/has1/small_SRR7963242_PE.run.log
mpi_dynamic_split	has1	small_SRR7963242	PE	3	6	297.519	25.828	234.613	36.662	35.45	21.242	58.258	0.668	1297612424	234.598	0.911	0.45	232.354	0.247	0.619	0.001	33.376166	41.186		33	1709036	648806212	3	8.358187	mpi_dynamic_split/has1/small_SRR7963242_PE.run.log
mpi_dynamic_split	has1	small_SRR7963242	PE	4	6	297.522	24.839	232.271	38.9	37.667	22.114	55.961	0.755	1297612416	232.265	0.899	0.452	230.043	0.241	0.624	0.001	35.7857	38.411		33	1709036	648806208	4	8.400155	mpi_dynamic_split/has1/small_SRR7963242_PE.run.log
mpi_dynamic_split	has1	small_SRR7963242	PE	5	6	297.517	26.271	224.016	42.925	41.549	22.804	50.979	0.862	1218969888	224.006	0.898	0.435	221.898	0.229	0.534	0.001	39.138169	32.998		31	1605559	609484944	65	8.466025	mpi_dynamic_split/has1/small_SRR7963242_PE.run.log
mpi_dynamic_split	has1	small_SRR7963242	SE	0	6	89.75	13.894	53.378	20.219	19.425	11.651	53.107	0.839	648806172	53.374	0.976	0.333	51.411	0.122	0.527	0.0	20.223961	31.621		33	1710268	648806172	0	2.976215	mpi_dynamic_split/has1/small_SRR7963242_SE.run.log
mpi_dynamic_split	has1	small_SRR7963242	SE	1	6	89.748	14.719	51.264	20.407	19.728	13.332	45.005	0.852	629145664	51.256	0.909	0.341	49.388	0.119	0.489	0.001	19.278022	32.157		32	1657854	629145664	1	2.511336	mpi_dynamic_split/has1/small_SRR7963242_SE.run.log
mpi_dynamic_split	has1	small_SRR7963242	SE	2	6	89.75	14.898	51.167	21.875	21.181	13.122	45.726	0.925	629146144	51.164	0.94	0.321	49.274	0.138	0.486	0.001	21.242725	29.169		32	1657299	629146144	2	2.685975	mpi_dynamic_split/has1/small_SRR7963242_SE.run.log
mpi_dynamic_split	has1	small_SRR7963242	SE	3	6	89.749	15.055	52.73	18.926	18.319	12.318	50.231	0.824	648806212	52.727	0.894	0.346	50.842	0.123	0.517	0.001	18.814015	33.964		33	1709036	648806212	3	2.424726	mpi_dynamic_split/has1/small_SRR7963242_SE.run.log
mpi_dynamic_split	has1	small_SRR7963242	SE	4	6	89.751	14.168	52.347	20.695	20.063	12.232	50.585	0.852	648806208	52.336	0.908	0.335	50.43	0.125	0.527	0.001	20.761553	30.776		33	1709036	648806208	4	2.454486	mpi_dynamic_split/has1/small_SRR7963242_SE.run.log
mpi_dynamic_split	has1	small_SRR7963242	SE	5	6	89.748	15.959	48.94	21.44	20.863	13.944	40.411	0.952	590845188	48.927	0.894	0.289	47.147	0.117	0.469	0.0	19.872164	29.286		31	1556507	590845188	5	2.339989	mpi_dynamic_split/has1/small_SRR7963242_SE.run.log
mpi_dynamic_split	no1	ERR1203383	PE	0	6	161.621	69.216	55.923	124.206	121.793	59.512	18.274	1.587	1140326608	55.919	1.056	0.512	53.435	0.377	0.533	0.001	117.893196	10.566		29	2492213	570163304	66	2.470227	mpi_dynamic_split/no1/ERR1203383_PE.run.log
mpi_dynamic_split	no1	ERR1203383	PE	1	6	161.624	75.064	58.353	125.533	123.367	59.651	18.86	1.57	1179648336	58.346	1.339	0.543	55.509	0.383	0.566	0.001	119.090223	10.825		30	2574961	589824168	1	2.649571	mpi_dynamic_split/no1/ERR1203383_PE.run.log
mpi_dynamic_split	no1	ERR1203383	PE	2	6	161.628	73.749	56.269	123.156	120.667	58.412	18.618	1.715	1140327336	56.263	1.17	0.457	53.505	0.462	0.658	0.002	117.004779	10.676		29	2488930	570163668	2	2.461426	mpi_dynamic_split/no1/ERR1203383_PE.run.log
mpi_dynamic_split	no1	ERR1203383	PE	3	6	161.619	76.174	99.22	124.493	122.456	60.343	18.633	1.538	1178966472	99.214	1.051	0.506	96.647	0.416	0.583	0.001	118.213424	10.949		30	2572204	589483236	177	42.031575	mpi_dynamic_split/no1/ERR1203383_PE.run.log
mpi_dynamic_split	no1	ERR1203383	PE	4	6	161.618	75.895	60.819	125.898	123.874	60.468	18.605	1.62	1179647624	60.815	1.07	0.581	58.231	0.376	0.552	0.001	119.566673	10.775		30	2573672	589823812	172	4.62138	mpi_dynamic_split/no1/ERR1203383_PE.run.log
mpi_dynamic_split	no1	ERR1203383	PE	5	6	161.622	79.742	62.544	125.692	123.044	65.263	17.238	1.842	1179646320	62.536	1.143	0.52	59.867	0.395	0.601	0.001	117.998519	10.944		30	2572700	589823160	176	5.950194	mpi_dynamic_split/no1/ERR1203383_PE.run.log
mpi_dynamic_split	no1	ERR1203383	SE	0	6	67.402	41.558	25.165	56.944	55.813	33.099	16.995	1.4	589824144	25.163	1.138	0.286	23.14	0.18	0.417	0.001	55.522712	10.369		30	2576958	589824144	0	1.360182	mpi_dynamic_split/no1/ERR1203383_SE.run.log
mpi_dynamic_split	no1	ERR1203383	SE	1	6	67.399	41.504	25.498	59.036	57.912	31.231	18.011	1.438	589824168	25.493	0.973	0.279	23.631	0.182	0.422	0.001	55.380977	10.441		30	2574961	589824168	176	1.429887	mpi_dynamic_split/no1/ERR1203383_SE.run.log
mpi_dynamic_split	no1	ERR1203383	SE	2	6	67.399	40.755	23.997	56.403	55.229	30.991	17.545	1.457	570163668	23.989	1.103	0.285	22.014	0.206	0.373	0.001	54.479829	10.249		29	2488930	570163668	2	1.415585	mpi_dynamic_split/no1/ERR1203383_SE.run.log
mpi_dynamic_split	no1	ERR1203383	SE	3	6	67.406	42.054	31.161	58.29	57.249	32.323	17.392	1.449	589483236	31.159	0.981	0.257	29.324	0.179	0.415	0.001	54.832713	10.561		30	2572204	589483236	177	7.111078	mpi_dynamic_split/no1/ERR1203383_SE.run.log
mpi_dynamic_split	no1	ERR1203383	SE	4	6	67.403	41.61	25.314	59.142	58.091	31.829	17.672	1.478	589823812	25.311	1.093	0.271	23.347	0.18	0.415	0.001	55.625871	10.358		30	2573672	589823812	4	1.380281	mpi_dynamic_split/no1/ERR1203383_SE.run.log
mpi_dynamic_split	no1	ERR1203383	SE	5	6	67.399	42.028	24.065	56.326	55.239	32.178	16.898	1.459	570162320	24.059	1.039	0.244	22.192	0.174	0.403	0.001	54.563305	10.197		29	2487955	570162320	5	1.405323	mpi_dynamic_split/no1/ERR1203383_SE.run.log
mpi_dynamic_split	no1	SRR2496709	PE	0	6	137.749	70.463	64.615	130.926	129.047	60.498	18.596	1.561	1179647840	64.613	1.13	0.536	62.031	0.311	0.602	0.001	125.377813	10.288		30	2104844	589823920	108	5.23054	mpi_dynamic_split/no1/SRR2496709_PE.run.log
mpi_dynamic_split	no1	SRR2496709	PE	1	6	137.75	76.665	62.179	130.686	128.666	61.104	18.411	1.598	1179651016	62.172	1.107	0.522	59.64	0.3	0.594	0.001	124.849079	10.369		30	2104038	589825508	49	3.471541	mpi_dynamic_split/no1/SRR2496709_PE.run.log
mpi_dynamic_split	no1	SRR2496709	PE	2	6	137.747	78.854	58.606	130.741	128.371	64.779	17.367	1.807	1179647736	58.594	1.242	0.49	55.928	0.39	0.529	0.003	123.914364	10.377		30	2102631	589823868	152	3.540365	mpi_dynamic_split/no1/SRR2496709_PE.run.log
mpi_dynamic_split	no1	SRR2496709	PE	3	6	137.744	73.927	84.012	130.388	128.299	61.558	18.275	1.83	1179647584	84.005	1.057	0.503	81.514	0.332	0.59	0.001	124.600824	10.377		30	2102615	589823792	81	8.700395	mpi_dynamic_split/no1/SRR2496709_PE.run.log
mpi_dynamic_split	no1	SRR2496709	PE	4	6	137.75	74.788	67.903	131.056	129.176	60.181	18.693	1.66	1179646904	67.896	1.055	0.51	65.417	0.303	0.603	0.001	125.869516	10.303		30	2101812	589823452	100	9.850614	mpi_dynamic_split/no1/SRR2496709_PE.run.log
mpi_dynamic_split	no1	SRR2496709	PE	5	6	137.745	81.929	61.822	129.88	127.833	67.548	16.573	1.898	1173879544	61.814	1.082	0.491	59.323	0.316	0.583	0.001	123.93771	10.355		30	2091471	586939772	89	5.304487	mpi_dynamic_split/no1/SRR2496709_PE.run.log
mpi_dynamic_split	no1	SRR2496709	SE	0	6	65.555	39.215	26.075	59.593	58.148	32.011	17.572	1.474	589823920	26.074	1.08	0.293	24.1	0.149	0.45	0.001	55.837517	10.485		30	2104844	589823920	0	1.390177	mpi_dynamic_split/no1/SRR2496709_SE.run.log
mpi_dynamic_split	no1	SRR2496709	SE	1	6	65.55	41.826	25.727	58.611	57.768	31.477	17.87	1.443	589825508	25.722	0.959	0.253	23.908	0.147	0.45	0.001	56.124818	10.464		30	2104038	589825508	1	1.210181	mpi_dynamic_split/no1/SRR2496709_SE.run.log
mpi_dynamic_split	no1	SRR2496709	SE	2	6	65.549	41.849	25.574	58.575	57.448	31.975	18.178	1.476	609484620	25.572	1.095	0.304	23.551	0.182	0.437	0.001	55.753637	10.809		31	2171859	609484620	2	1.290188	mpi_dynamic_split/no1/SRR2496709_SE.run.log
mpi_dynamic_split	no1	SRR2496709	SE	3	6	65.547	39.628	28.359	56.238	55.44	31.672	17.168	1.606	570163040	28.357	1.123	0.27	26.395	0.142	0.424	0.001	56.357521	10.08		29	2033387	570163040	27	2.180311	mpi_dynamic_split/no1/SRR2496709_SE.run.log
mpi_dynamic_split	no1	SRR2496709	SE	4	6	65.554	41.493	26.246	59.709	58.864	32.42	17.35	1.612	589823452	26.242	1.009	0.306	24.325	0.147	0.45	0.001	57.321619	10.273		30	2101812	589823452	100	2.230143	mpi_dynamic_split/no1/SRR2496709_SE.run.log
mpi_dynamic_split	no1	SRR2496709	SE	5	6	65.555	42.421	25.244	58.613	57.694	32.176	17.396	1.615	586939772	25.241	1.04	0.306	23.296	0.149	0.446	0.001	55.868321	10.428		30	2091471	586939772	89	1.570278	mpi_dynamic_split/no1/SRR2496709_SE.run.log
mpi_dynamic_split	no1	small_SRR7963242	PE	0	6	290.973	56.71	285.856	97.223	94.463	46.692	25.7	1.661	1258290704	285.849	1.354	0.549	283.101	0.24	0.595	0.001	90.666705	14.715		32	1658529	629145352	0	11.160739	mpi_dynamic_split/no1/small_SRR7963242_PE.run.log
mpi_dynamic_split	no1	small_SRR7963242	PE	1	6	290.969	71.079	279.957	118.185	116.251	58.208	20.649	1.717	1260333456	279.946	1.347	0.528	277.198	0.24	0.62	0.001	114.360976	11.68		33	1660541	630166728	31	9.970309	mpi_dynamic_split/no1/small_SRR7963242_PE.run.log
mpi_dynamic_split	no1	small_SRR7963242	PE	2	6	290.971	48.429	286.268	84.04	81.791	42.195	28.44	1.684	1258292288	286.257	1.46	0.592	283.347	0.247	0.598	0.001	78.661824	16.946		32	1657299	629146144	26	10.310647	mpi_dynamic_split/no1/small_SRR7963242_PE.run.log
mpi_dynamic_split	no1	small_SRR7963242	PE	3	6	290.974	65.293	279.972	114.59	112.506	53.24	22.539	1.69	1258290784	279.962	1.154	0.54	277.484	0.239	0.534	0.001	110.359586	12.079		32	1657297	629145392	27	10.25158	mpi_dynamic_split/no1/small_SRR7963242_PE.run.log
mpi_dynamic_split	no1	small_SRR7963242	PE	4	6	290.97	64.623	287.373	113.073	111.197	53.846	22.982	1.69	1297612416	287.364	1.384	0.483	284.669	0.25	0.567	0.001	108.083848	12.718		33	1709036	648806208	52	9.900452	mpi_dynamic_split/no1/small_SRR7963242_PE.run.log
mpi_dynamic_split	no1	small_SRR7963242	PE	5	6	290.971	63.626	283.027	101.82	99.785	53.892	22.267	1.764	1258291528	283.019	1.411	0.585	280.249	0.238	0.527	0.001	97.2406	13.709		32	1657298	629145764	53	10.518275	mpi_dynamic_split/no1/small_SRR7963242_PE.run.log
mpi_dynamic_split	no1	small_SRR7963242	SE	0	6	73.418	38.949	52.431	62.736	61.818	35.577	16.865	1.509	629145352	52.427	1.143	0.377	50.264	0.119	0.52	0.001	61.788607	10.036		32	1658529	629145352	0	2.970314	mpi_dynamic_split/no1/small_SRR7963242_SE.run.log
mpi_dynamic_split	no1	small_SRR7963242	SE	1	6	73.415	44.373	51.639	62.899	62.181	34.73	17.276	1.414	629145664	51.636	1.026	0.343	49.666	0.117	0.477	0.002	62.564758	9.909		32	1657854	629145664	1	2.530936	mpi_dynamic_split/no1/small_SRR7963242_SE.run.log
mpi_dynamic_split	no1	small_SRR7963242	SE	2	6	73.411	43.023	51.624	63.244	62.246	33.471	17.926	1.389	629146144	51.618	1.142	0.32	49.506	0.137	0.507	0.001	62.201255	9.962		32	1657299	629146144	2	2.760252	mpi_dynamic_split/no1/small_SRR7963242_SE.run.log
mpi_dynamic_split	no1	small_SRR7963242	SE	3	6	73.414	41.839	53.149	63.188	62.472	33.707	18.357	1.476	648806212	53.137	1.039	0.359	51.103	0.122	0.501	0.002	63.410352	10.077		33	1709036	648806212	3	2.450261	mpi_dynamic_split/no1/small_SRR7963242_SE.run.log
mpi_dynamic_split	no1	small_SRR7963242	SE	4	6	73.41	43.389	51.624	62.721	61.989	34.369	17.486	1.45	630166452	51.62	1.366	0.332	49.27	0.116	0.531	0.001	62.392593	9.947		33	1659984	630166452	4	2.790216	mpi_dynamic_split/no1/small_SRR7963242_SE.run.log
mpi_dynamic_split	no1	small_SRR7963242	SE	5	6	73.41	47.197	52.446	63.277	62.458	38.286	15.671	1.711	629145764	52.443	1.104	0.306	50.392	0.117	0.52	0.001	62.736823	9.877		32	1657298	629145764	5	2.440267	mpi_dynamic_split/no1/small_SRR7963242_SE.run.log
mpi_static_single	has1	ERR1203383	PE	0	6	206.278	17.913	57.054	85.87	83.861	17.907	62.124	0.837	1166478456	57.047	0.895	0.448	54.781	0.37	0.546	0.001	82.702455	15.579	0.000225						mpi_static_single/has1/ERR1203383_PE.run.log
mpi_static_single	has1	ERR1203383	PE	1	6	206.278	19.007	57.709	87.232	85.393	18.714	59.443	0.777	1166474352	57.703	0.858	0.409	55.503	0.369	0.556	0.001	82.962895	15.392	0.127297						mpi_static_single/has1/ERR1203383_PE.run.log
mpi_static_single	has1	ERR1203383	PE	2	6	206.271	17.552	61.164	90.108	87.927	17.274	64.399	0.768	1166474352	61.154	0.901	0.427	58.764	0.414	0.638	0.001	84.084823	15.254	0.104368						mpi_static_single/has1/ERR1203383_PE.run.log
mpi_static_single	has1	ERR1203383	PE	3	6	206.278	18.881	54.689	85.821	84.043	18.631	59.708	0.853	1166474656	54.682	0.861	0.427	52.501	0.364	0.519	0.001	84.530237	15.136	0.155965						mpi_static_single/has1/ERR1203383_PE.run.log
mpi_static_single	has1	ERR1203383	PE	4	6	206.271	18.732	54.28	88.521	86.571	18.489	60.166	0.836	1166478832	54.269	0.855	0.457	52.044	0.364	0.538	0.002	85.675231	14.798	0.138618						mpi_static_single/has1/ERR1203383_PE.run.log
mpi_static_single	has1	ERR1203383	PE	5	6	206.274	18.406	103.333	83.711	81.749	18.174	61.21	0.84	1166478368	103.322	0.866	0.45	101.091	0.365	0.539	0.001	79.00969	16.107	0.118389						mpi_static_single/has1/ERR1203383_PE.run.log
mpi_static_single	has1	ERR1203383	SE	0	6	85.706	10.044	24.482	41.929	40.943	10.034	55.433	0.819	583239228	24.47	0.875	0.331	22.662	0.192	0.397	0.001	42.696326	13.471	0.000126						mpi_static_single/has1/ERR1203383_SE.run.log
mpi_static_single	has1	ERR1203383	SE	1	6	85.707	10.299	24.408	39.117	38.212	10.15	54.802	0.805	583237176	24.402	0.857	0.298	22.653	0.186	0.402	0.0	40.788953	13.977	0.053137						mpi_static_single/has1/ERR1203383_SE.run.log
mpi_static_single	has1	ERR1203383	SE	2	6	85.711	10.067	25.229	44.166	43.09	9.92	56.071	0.766	583237176	25.217	0.905	0.309	23.4	0.199	0.392	0.001	42.717391		0.073933						mpi_static_single/has1/ERR1203383_SE.run.log
mpi_static_single	has1	ERR1203383	SE	3	6	85.703	10.046	23.811	38.619	37.714	9.905	56.155	0.794	583237328	23.798	0.867	0.343	21.994	0.188	0.391	0.0	40.728923	14.037	0.061486						mpi_static_single/has1/ERR1203383_SE.run.log
mpi_static_single	has1	ERR1203383	SE	4	6	85.705	11.158	23.455	40.599	39.679	11.024	50.457	0.801	583239416	23.44	0.853	0.314	21.669	0.19	0.395	0.0	41.694477	13.621	0.073996						mpi_static_single/has1/ERR1203383_SE.run.log
mpi_static_single	has1	ERR1203383	SE	5	6	85.704	10.664	31.465	42.671	41.736	10.534	52.802	0.812	583239184	31.452	0.88	0.289	29.68	0.185	0.401	0.001	40.938546	13.931	0.062971						mpi_static_single/has1/ERR1203383_SE.run.log
mpi_static_single	has1	SRR2496709	PE	0	6	176.151	18.325	71.857	85.011	83.133	18.32	61.359	0.756	1178735680	71.85	0.882	0.422	69.644	0.303	0.592	0.001	80.64543	16.559	0.000625						mpi_static_single/has1/SRR2496709_PE.run.log
mpi_static_single	has1	SRR2496709	PE	1	6	176.153	20.371	63.896	85.824	84.31	20.232	55.562	0.723	1178737920	63.884	0.868	0.4	61.712	0.299	0.592	0.001	83.627521	15.448	0.144085						mpi_static_single/has1/SRR2496709_PE.run.log
mpi_static_single	has1	SRR2496709	PE	2	6	176.148	19.761	69.105	80.273	78.578	19.461	57.763	0.697	1178737920	69.093	0.924	0.422	66.846	0.334	0.555	0.001	77.310796	16.583	0.11421						mpi_static_single/has1/SRR2496709_PE.run.log
mpi_static_single	has1	SRR2496709	PE	3	6	176.152	20.732	69.955	84.626	83.095	20.595	54.583	0.72	1178737920	69.943	0.871	0.404	67.765	0.304	0.586	0.001	81.004088	15.831	0.12927						mpi_static_single/has1/SRR2496709_PE.run.log
mpi_static_single	has1	SRR2496709	PE	4	6	176.148	20.799	58.336	83.909	82.34	20.504	54.825	0.688	1178737968	58.327	0.882	0.411	56.13	0.294	0.601	0.001	81.785564	15.803	0.144984						mpi_static_single/has1/SRR2496709_PE.run.log
mpi_static_single	has1	SRR2496709	PE	5	6	176.146	18.527	58.448	80.034	78.468	18.38	61.16	0.719	1178738536	58.442	0.866	0.439	56.232	0.295	0.603	0.001	79.300199	16.009	0.110774						mpi_static_single/has1/SRR2496709_PE.run.log
mpi_static_single	has1	SRR2496709	SE	0	6	81.808	10.395	27.492	42.232	41.34	10.387	54.115	0.795	589367840	27.482	0.933	0.326	25.622	0.157	0.433	0.003	41.203631	14.758	0.00011						mpi_static_single/has1/SRR2496709_SE.run.log
mpi_static_single	has1	SRR2496709	SE	1	6	81.804	11.215	26.005	43.043	42.273	11.139	50.459	0.832	589368960	25.994	0.867	0.312	24.212	0.154	0.437	0.001	42.30142	13.85	0.075658						mpi_static_single/has1/SRR2496709_SE.run.log
mpi_static_single	has1	SRR2496709	SE	2	6	81.81	9.543	26.878	40.741	39.87	9.372	59.971	0.699	589368960	26.865	0.93	0.306	25.029	0.175	0.412	0.001	41.441527	14.027	0.064821						mpi_static_single/has1/SRR2496709_SE.run.log
mpi_static_single	has1	SRR2496709	SE	3	6	81.81	10.005	26.695	44.449	43.695	9.927	56.622	0.882	589368960	26.681	0.861	0.317	24.901	0.157	0.431	0.0	42.959649	13.53	0.068469						mpi_static_single/has1/SRR2496709_SE.run.log
mpi_static_single	has1	SRR2496709	SE	4	6	81.81	10.766	24.451	40.981	40.204	10.605	52.999	0.788	589368984	24.437	0.867	0.317	22.651	0.154	0.434	0.001	41.711723	14.07	0.077848						mpi_static_single/has1/SRR2496709_SE.run.log
mpi_static_single	has1	SRR2496709	SE	5	6	81.803	9.743	24.243	41.318	40.545	9.659	58.19	0.797	589369268	24.23	0.875	0.318	22.435	0.157	0.428	0.002	41.841363	13.783	0.072955						mpi_static_single/has1/SRR2496709_SE.run.log
mpi_static_single	has1	small_SRR7963242	PE	0	6	295.006	17.595	239.944	37.368	36.119	17.58	68.638	0.984	1265239120	239.931	0.916	0.442	237.699	0.245	0.614	0.001	33.698066	39.995	0.000253						mpi_static_single/has1/small_SRR7963242_PE.run.log
mpi_static_single	has1	small_SRR7963242	PE	1	6	295.006	20.033	228.051	36.851	35.665	19.969	60.425	0.987	1265232280	228.047	0.894	0.434	225.948	0.231	0.535	0.001	34.421611	39.051	0.133362						mpi_static_single/has1/small_SRR7963242_PE.run.log
mpi_static_single	has1	small_SRR7963242	PE	2	6	295.004	21.683	227.797	42.752	41.423	21.427	56.314	0.993	1265232280	227.784	0.929	0.44	225.53	0.259	0.611	0.001	39.73797	33.833	0.154381						mpi_static_single/has1/small_SRR7963242_PE.run.log
mpi_static_single	has1	small_SRR7963242	PE	3	6	295.001	20.874	224.434	35.224	34.03	20.606	58.556	0.96	1265233040	224.417	0.915	0.469	222.13	0.243	0.642	0.001	32.597374	41.26	0.130723						mpi_static_single/has1/small_SRR7963242_PE.run.log
mpi_static_single	has1	small_SRR7963242	PE	4	6	295.008	20.066	233.658	33.354	32.036	19.791	60.967	0.802	1265232280	233.645	0.925	0.426	231.453	0.238	0.59	0.001	30.348639	44.303	0.11597						mpi_static_single/has1/small_SRR7963242_PE.run.log
mpi_static_single	has1	small_SRR7963242	PE	5	6	295.003	20.276	226.239	42.448	41.226	19.93	60.544	0.786	1265232288	226.221	0.917	0.467	223.911	0.246	0.659	0.001	40.061519	33.533	0.128876						mpi_static_single/has1/small_SRR7963242_PE.run.log
mpi_static_single	has1	small_SRR7963242	SE	0	6	91.745	8.602	54.391	27.602	26.868	8.591	70.223	0.833	632619560	54.387	0.946	0.313	52.486	0.118	0.522	0.0	26.637172	23.51	0.000136						mpi_static_single/has1/small_SRR7963242_SE.run.log
mpi_static_single	has1	small_SRR7963242	SE	1	6	91.744	9.66	50.784	23.7	23.087	9.633	62.628	0.824	632616140	50.78	0.892	0.338	48.924	0.12	0.502	0.0	25.199971	24.767	0.069374						mpi_static_single/has1/small_SRR7963242_SE.run.log
mpi_static_single	has1	small_SRR7963242	SE	2	6	91.749	9.849	50.709	26.464	25.747	9.789	61.634	0.815	632616140	50.699	0.936	0.346	48.773	0.14	0.49	0.001	26.714625	23.349	0.0494						mpi_static_single/has1/small_SRR7963242_SE.run.log
mpi_static_single	has1	small_SRR7963242	SE	3	6	91.752	10.704	51.124	26.684	26.054	10.568	57.089	0.756	632616520	51.111	0.905	0.328	49.27	0.124	0.471	0.001	26.304942	23.749	0.085348						mpi_static_single/has1/small_SRR7963242_SE.run.log
mpi_static_single	has1	small_SRR7963242	SE	4	6	91.745	10.411	51.857	27.728	27.104	10.29	58.632	0.721	632616140	51.848	0.903	0.326	49.976	0.12	0.513	0.0	26.896295	23.207	0.067077						mpi_static_single/has1/small_SRR7963242_SE.run.log
mpi_static_single	has1	small_SRR7963242	SE	5	6	91.75	10.82	51.067	24.044	23.379	10.671	56.535	0.707	632616144	51.057	0.911	0.342	49.171	0.121	0.501	0.001	24.737367	25.241	0.074378						mpi_static_single/has1/small_SRR7963242_SE.run.log
mpi_static_single	no1	ERR1203383	PE	0	6	187.069	35.794	57.505	161.425	159.079	35.789	31.084	1.776	1166478456	57.499	1.075	0.491	55.018	0.374	0.534	0.001	155.387215	8.292	0.00041						mpi_static_single/no1/ERR1203383_PE.run.log
mpi_static_single	no1	ERR1203383	PE	1	6	187.067	35.953	58.255	155.448	153.448	35.689	31.171	1.795	1166474352	58.246	1.077	0.508	55.748	0.373	0.531	0.001	153.571388	8.312	0.169782						mpi_static_single/no1/ERR1203383_PE.run.log
mpi_static_single	no1	ERR1203383	PE	2	6	187.069	34.896	61.65	162.254	159.853	34.624	32.129	1.748	1166474352	61.644	1.21	0.519	58.891	0.414	0.603	0.001	155.245192	8.258	0.122418						mpi_static_single/no1/ERR1203383_PE.run.log
mpi_static_single	no1	ERR1203383	PE	3	6	187.072	35.407	55.304	154.041	151.89	35.168	31.632	1.731	1166474656	55.293	1.214	0.514	52.658	0.372	0.525	0.001	152.308412	8.391	0.101368						mpi_static_single/no1/ERR1203383_PE.run.log
mpi_static_single	no1	ERR1203383	PE	4	6	187.075	36.665	54.642	156.197	154.182	36.431	30.536	1.756	1166478832	54.634	1.014	0.511	52.21	0.366	0.521	0.002	154.226342	8.219	0.224088						mpi_static_single/no1/ERR1203383_PE.run.log
mpi_static_single	no1	ERR1203383	PE	5	6	187.07	35.588	103.678	154.734	152.639	35.346	31.473	1.695	1166478368	103.672	1.04	0.521	101.208	0.364	0.531	0.001	149.246233	8.522	0.141299						mpi_static_single/no1/ERR1203383_PE.run.log
mpi_static_single	no1	ERR1203383	SE	0	6	82.948	20.995	24.694	70.219	68.972	20.989	26.501	1.74	583239228	24.692	0.99	0.24	22.871	0.18	0.409	0.001	71.073217	8.093	0.000228						mpi_static_single/no1/ERR1203383_SE.run.log
mpi_static_single	no1	ERR1203383	SE	1	6	82.944	19.351	24.825	71.098	70.118	19.203	28.966	1.775	583237176	24.818	1.083	0.258	22.871	0.178	0.419	0.001	72.463247	7.876	0.171023						mpi_static_single/no1/ERR1203383_SE.run.log
mpi_static_single	no1	ERR1203383	SE	2	6	82.945	20.048	25.444	72.827	71.634	19.911	27.936	1.767	583237176	25.44	1.021	0.277	23.549	0.201	0.387	0.001	73.670858	7.783	0.140726						mpi_static_single/no1/ERR1203383_SE.run.log
mpi_static_single	no1	ERR1203383	SE	3	6	82.945	20.158	23.997	72.02	70.962	20.031	27.768	1.768	583237328	23.992	0.959	0.263	22.174	0.179	0.411	0.001	72.987512	7.842	0.189107						mpi_static_single/no1/ERR1203383_SE.run.log
mpi_static_single	no1	ERR1203383	SE	4	6	82.949	21.124	23.565	69.328	68.366	21.007	26.478	1.779	583239416	23.563	0.948	0.242	21.781	0.173	0.416	0.001	70.013564	8.111	0.116263						mpi_static_single/no1/ERR1203383_SE.run.log
mpi_static_single	no1	ERR1203383	SE	5	6	82.946	19.784	31.792	68.587	67.473	19.673	28.273	1.774	583239184	31.788	0.97	0.31	29.912	0.177	0.415	0.001	69.031609	8.259	0.083421						mpi_static_single/no1/ERR1203383_SE.run.log
mpi_static_single	no1	SRR2496709	PE	0	6	176.202	38.067	72.348	165.804	163.743	38.063	29.534	1.707	1178735680	72.344	1.068	0.505	69.86	0.314	0.592	0.001	163.762003	8.154	0.000555						mpi_static_single/no1/SRR2496709_PE.run.log
mpi_static_single	no1	SRR2496709	PE	1	6	176.196	37.93	64.553	166.066	164.065	37.772	29.761	1.704	1178737920	64.544	1.05	0.511	62.08	0.309	0.582	0.002	163.654686	7.885	0.102155						mpi_static_single/no1/SRR2496709_PE.run.log
mpi_static_single	no1	SRR2496709	PE	2	6	176.198	37.946	69.671	168.441	166.373	37.625	29.877	1.725	1178737920	69.661	1.155	0.477	67.093	0.361	0.56	0.001	163.30483	7.844	0.108359						mpi_static_single/no1/SRR2496709_PE.run.log
mpi_static_single	no1	SRR2496709	PE	3	6	176.198	37.694	70.737	167.672	165.86	37.539	29.946	1.677	1178737920	70.728	1.147	0.51	68.169	0.302	0.591	0.001	163.895654	7.818	0.135672						mpi_static_single/no1/SRR2496709_PE.run.log
mpi_static_single	no1	SRR2496709	PE	4	6	176.204	39.352	58.82	164.682	162.959	39.039	28.795	1.697	1178737968	58.809	1.042	0.512	56.35	0.305	0.588	0.001	163.87513	7.879	0.132901						mpi_static_single/no1/SRR2496709_PE.run.log
mpi_static_single	no1	SRR2496709	PE	5	6	176.198	37.367	58.917	161.548	159.728	37.211	30.21	1.701	1178738536	58.908	1.122	0.518	56.365	0.306	0.587	0.002	161.197059	7.872	0.144647						mpi_static_single/no1/SRR2496709_PE.run.log
mpi_static_single	no1	SRR2496709	SE	0	6	83.949	20.498	27.646	74.991	74.054	20.493	27.427	1.725	589367840	27.644	0.988	0.24	25.811	0.148	0.455	0.001	74.952297	8.113	0.000185						mpi_static_single/no1/SRR2496709_SE.run.log
mpi_static_single	no1	SRR2496709	SE	1	6	83.945	20.158	26.25	76.4	75.542	20.079	27.993	1.458	589368960	26.244	1.026	0.247	24.368	0.146	0.452	0.001	75.165027	7.792	0.109162						mpi_static_single/no1/SRR2496709_SE.run.log
mpi_static_single	no1	SRR2496709	SE	2	6	83.949	20.07	27.197	73.231	72.202	19.907	28.235	1.732	589368960	27.192	1.149	0.295	25.146	0.176	0.42	0.002	74.318576	7.818	0.076651						mpi_static_single/no1/SRR2496709_SE.run.log
mpi_static_single	no1	SRR2496709	SE	3	6	83.944	19.48	26.993	77.1	76.263	19.386	28.993	1.472	589368960	26.991	1.05	0.257	25.081	0.148	0.451	0.001	75.167939	7.727	0.064474						mpi_static_single/no1/SRR2496709_SE.run.log
mpi_static_single	no1	SRR2496709	SE	4	6	83.953	20.58	24.565	74.138	73.234	20.424	27.52	1.742	589368984	24.561	0.967	0.246	22.748	0.147	0.449	0.001	74.738402	7.848	0.092449						mpi_static_single/no1/SRR2496709_SE.run.log
mpi_static_single	no1	SRR2496709	SE	5	6	83.944	20.168	24.432	70.598	69.781	20.083	27.987	1.452	589369268	24.427	0.973	0.255	22.598	0.146	0.45	0.001	72.751372	7.921	0.069151						mpi_static_single/no1/SRR2496709_SE.run.log
mpi_static_single	no1	small_SRR7963242	PE	0	6	276.744	43.367	272.8	107.756	105.327	43.364	27.826	1.638	1265239120	272.79	1.191	0.554	270.172	0.247	0.616	0.001	101.07663	13.334	0.000388						mpi_static_single/no1/small_SRR7963242_PE.run.log
mpi_static_single	no1	small_SRR7963242	PE	1	6	276.738	45.562	263.781	126.463	124.308	45.499	26.52	1.685	1265232280	263.767	1.112	0.495	261.263	0.242	0.639	0.001	122.362877	10.954	0.134284						mpi_static_single/no1/small_SRR7963242_PE.run.log
mpi_static_single	no1	small_SRR7963242	PE	2	6	276.744	48.388	272.049	106.859	104.679	48.248	25.009	1.716	1265232280	272.041	1.406	0.641	269.165	0.252	0.568	0.001	101.671804	13.191	0.148317						mpi_static_single/no1/small_SRR7963242_PE.run.log
mpi_static_single	no1	small_SRR7963242	PE	3	6	276.743	46.652	259.509	89.275	87.36	46.427	25.99	1.538	1265233040	259.5	1.307	0.57	256.745	0.239	0.628	0.001	85.421325	15.707	0.141167						mpi_static_single/no1/small_SRR7963242_PE.run.log
mpi_static_single	no1	small_SRR7963242	PE	4	6	276.743	50.389	262.446	101.694	99.779	50.097	24.086	1.621	1265232280	262.435	1.248	0.589	259.778	0.235	0.575	0.001	97.675914	13.728	0.109698						mpi_static_single/no1/small_SRR7963242_PE.run.log
mpi_static_single	no1	small_SRR7963242	PE	5	6	276.745	50.708	265.632	110.361	108.058	50.379	23.951	1.682	1265232288	265.623	1.16	0.557	263.123	0.238	0.535	0.001	106.081821	12.639	0.139483						mpi_static_single/no1/small_SRR7963242_PE.run.log
mpi_static_single	no1	small_SRR7963242	SE	0	6	98.744	22.167	54.694	84.71	83.95	22.163	27.222	1.74	632619560	54.687	1.106	0.3	52.648	0.121	0.507	0.001	86.322041	7.255	0.000185						mpi_static_single/no1/small_SRR7963242_SE.run.log
mpi_static_single	no1	small_SRR7963242	SE	1	6	98.746	23.427	51.102	82.582	81.805	23.396	25.787	1.715	632616140	51.095	1.076	0.29	49.076	0.121	0.524	0.001	85.278493	7.304	0.066961						mpi_static_single/no1/small_SRR7963242_SE.run.log
mpi_static_single	no1	small_SRR7963242	SE	2	6	98.741	24.844	51.057	85.231	84.386	24.784	24.343	1.704	632616140	51.048	1.134	0.373	48.901	0.14	0.49	0.001	86.945858	7.165	0.059701						mpi_static_single/no1/small_SRR7963242_SE.run.log
mpi_static_single	no1	small_SRR7963242	SE	3	6	98.749	24.451	51.532	85.985	85.303	24.365	24.761	1.506	632616520	51.519	1.273	0.315	49.302	0.123	0.495	0.001	87.813295	7.097	0.069759						mpi_static_single/no1/small_SRR7963242_SE.run.log
mpi_static_single	no1	small_SRR7963242	SE	4	6	98.747	26.394	52.124	83.551	82.864	26.295	22.944	2.307	632616140	52.119	1.039	0.324	50.105	0.118	0.529	0.001	86.187543	7.23	0.075126						mpi_static_single/no1/small_SRR7963242_SE.run.log
mpi_static_single	no1	small_SRR7963242	SE	5	6	98.742	26.106	51.357	84.452	83.71	25.957	23.243	1.79	632616144	51.352	1.018	0.387	49.302	0.123	0.513	0.001	86.757787	7.183	0.089315						mpi_static_single/no1/small_SRR7963242_SE.run.log
mpi_static_split	has1	ERR1203383	PE	0	6	186.46	26.73	57.158	52.412	50.279	26.725	41.626	0.884	1166478456	57.152	0.918	0.412	54.906	0.371	0.539	0.001	46.676268	27.603							mpi_static_split/has1/ERR1203383_PE.run.log
mpi_static_split	has1	ERR1203383	PE	1	6	186.429	30.568	57.7	51.829	49.956	30.268	36.753	0.803	1166474352	57.692	0.864	0.432	55.492	0.364	0.531	0.001									mpi_static_split/has1/ERR1203383_PE.run.log
mpi_static_split	has1	ERR1203383	PE	2	6	186.408	26.853	61.28	57.144	54.972	26.56	41.884	0.752	1166474352	61.269	0.903	0.433	58.891	0.418	0.614	0.001	51.106285	25.065							mpi_static_split/has1/ERR1203383_PE.run.log
mpi_static_split	has1	ERR1203383	PE	3	6	186.441	25.972	54.96	51.641	49.733	25.707	43.274	0.837	1166474656	54.952	0.877	0.421	52.731	0.368	0.547	0.001	48.636886	26.258							mpi_static_split/has1/ERR1203383_PE.run.log
mpi_static_split	has1	ERR1203383	PE	4	6	186.364	29.799	54.274	54.15	52.306	29.54	37.659	0.924	1166478832	54.266	0.853	0.452	52.052	0.358	0.54	0.001	50.059056	25.285							mpi_static_split/has1/ERR1203383_PE.run.log
mpi_static_split	has1	ERR1203383	PE	5	6	186.388	28.132	103.041	53.773	51.869	27.89	39.887	0.853	1166478368	103.034	0.862	0.43	100.831	0.363	0.54	0.001	49.806567	25.512							mpi_static_split/has1/ERR1203383_PE.run.log
mpi_static_split	has1	ERR1203383	SE	0	6	81.018	14.063	24.689	26.974	25.797	14.054	39.578	0.737	583239228	24.682	0.967	0.324	22.799	0.199	0.386	0.001	27.460768	20.945							mpi_static_split/has1/ERR1203383_SE.run.log
mpi_static_split	has1	ERR1203383	SE	1	6	81.011	15.891	24.629	27.296	26.323	15.761	35.29	0.88	583237176	24.617	0.894	0.303	22.819	0.188	0.402	0.001	27.314969	20.843							mpi_static_split/has1/ERR1203383_SE.run.log
mpi_static_split	has1	ERR1203383	SE	2	6	81.002	16.806	25.257	31.446	30.485	16.688	33.33	0.903	583237176	25.245	0.868	0.323	23.454	0.188	0.402	0.002	29.96621	19.098							mpi_static_split/has1/ERR1203383_SE.run.log
mpi_static_split	has1	ERR1203383	SE	3	6	80.989	17.258	23.821	31.927	31.005	17.133	32.465	0.903	583237328	23.806	0.88	0.297	22.032	0.189	0.394	0.001	30.56295	18.678							mpi_static_split/has1/ERR1203383_SE.run.log
mpi_static_split	has1	ERR1203383	SE	4	6	80.955	17.305	23.501	31.057	30.113	17.173	32.39	0.911	583239416	23.491	0.882	0.308	21.71	0.183	0.398	0.001	29.51222	19.209							mpi_static_split/has1/ERR1203383_SE.run.log
mpi_static_split	has1	ERR1203383	SE	5	6	80.978	16.802	31.486	31.683	30.712	16.667	33.372	0.91	583239184	31.475	0.871	0.34	29.657	0.187	0.407	0.001									mpi_static_split/has1/ERR1203383_SE.run.log
mpi_static_split	has1	SRR2496709	PE	0	6	155.897	26.631	72.235	53.432	51.573	26.627	42.218	0.811	1178735680	72.23	0.986	0.45	69.893	0.299	0.598	0.001	49.507339	26.974							mpi_static_split/has1/SRR2496709_PE.run.log
mpi_static_split	has1	SRR2496709	PE	1	6	155.572	27.981	64.107	55.933	54.342	27.822	40.405	0.832	1178737920	64.095	0.864	0.445	61.882	0.297	0.597	0.002	51.619904	24.984							mpi_static_split/has1/SRR2496709_PE.run.log
mpi_static_split	has1	SRR2496709	PE	2	6	155.864	27.891	69.34	55.937	54.18	27.582	40.755	0.775	1178737920	69.328	0.967	0.415	67.043	0.346	0.545	0.001	50.968488	25.116							mpi_static_split/has1/SRR2496709_PE.run.log
mpi_static_split	has1	SRR2496709	PE	3	6	155.694	29.916	70.263	55.494	53.991	29.759	37.775	0.864	1178737920	70.252	0.865	0.432	68.042	0.301	0.6	0.001									mpi_static_split/has1/SRR2496709_PE.run.log
mpi_static_split	has1	SRR2496709	PE	4	6	155.844	29.417	58.288	57.224	55.65	29.087	38.647	0.831	1178737968	58.28	0.86	0.437	56.079	0.292	0.602	0.001	53.188822	24.256							mpi_static_split/has1/SRR2496709_PE.run.log
mpi_static_split	has1	SRR2496709	PE	5	6	155.661	28.172	58.178	55.412	53.733	28.002	40.144	0.872	1178738536	58.168	0.878	0.425	55.952	0.305	0.597	0.001	53.364612	23.756							mpi_static_split/has1/SRR2496709_PE.run.log
mpi_static_split	has1	SRR2496709	SE	0	6	71.667	13.319	27.558	26.5	25.541	13.31	42.228	1.17	589367840	27.553	0.992	0.313	25.65	0.15	0.446	0.001	25.136236	24.191							mpi_static_split/has1/SRR2496709_SE.run.log
mpi_static_split	has1	SRR2496709	SE	1	6	71.563	14.291	26.074	30.56	29.812	14.162	39.689	1.138	589368960	26.072							28.691219	20.383							mpi_static_split/has1/SRR2496709_SE.run.log
mpi_static_split	has1	SRR2496709	SE	2	6	71.642	14.733	26.964	29.859	28.994	14.548	38.636	1.012	589368960	26.949	0.856	0.285	24.333	0.149	0.441	0.001	27.47857	21.122							mpi_static_split/has1/SRR2496709_SE.run.log
mpi_static_split	has1	SRR2496709	SE	3	6	71.526	14.45	26.683	29.519	28.776	14.307	39.285	1.12	589368960	26.679							27.507633	21.096							mpi_static_split/has1/SRR2496709_SE.run.log
mpi_static_split	has1	SRR2496709	SE	4	6	71.627	14.832	24.429	30.221	29.436	14.622	38.439	1.013	589368984	24.416		0.313	24.911	0.15	0.44	0.001	28.489467	20.562							mpi_static_split/has1/SRR2496709_SE.run.log
mpi_static_split	has1	SRR2496709	SE	5	6	71.602	14.889	24.189	27.715	26.884	14.795	37.99	1.199	589369268	24.178	0.881	0.332	22.363	0.151	0.439	0.001	28.199196	20.415							mpi_static_split/has1/SRR2496709_SE.run.log
mpi_static_split	has1	small_SRR7963242	PE	0	6	311.525	25.17	240.637	45.67	44.149	25.162	47.954	1.01	1265239120	240.623							41.264089	32.661							mpi_static_split/has1/small_SRR7963242_PE.run.log
mpi_static_split	has1	small_SRR7963242	PE	1	6	311.266	26.953	227.92	40.139	38.888	26.879	44.89	1.293	1265232280	227.904							37.717664	35.499							mpi_static_split/has1/small_SRR7963242_PE.run.log
mpi_static_split	has1	small_SRR7963242	PE	2	6	311.324	29.597	224.477	46.47	45.25	29.456	40.963	1.176	1265232280	224.464		0.444	238.278	0.259	0.632	0.002	44.134243	30.342							mpi_static_split/has1/small_SRR7963242_PE.run.log
mpi_static_split	has1	small_SRR7963242	PE	3	6	311.384	24.933	224.223	42.029	40.827	24.737	48.778	0.988	1265233040	224.211							41.132776	32.565							mpi_static_split/has1/small_SRR7963242_PE.run.log
mpi_static_split	has1	small_SRR7963242	PE	4	6	311.412	27.028	226.017	42.482	41.3	26.736	45.131	1.447	1265232280	226.002		0.476	221.971	0.239	0.589	0.002	40.19385	33.322							mpi_static_split/has1/small_SRR7963242_PE.run.log
mpi_static_split	has1	small_SRR7963242	PE	5	6	311.52	28.87	225.712	48.081	46.803	28.498	42.341	0.962	1265232288	225.698	0.94	0.439	223.428	0.24	0.636	0.002	45.225567	29.607							mpi_static_split/has1/small_SRR7963242_PE.run.log
mpi_static_split	has1	small_SRR7963242	SE	0	6	94.465	10.969	54.475	26.707	25.908	10.96	55.045	0.867	632619560	54.47							25.549791	24.511							mpi_static_split/has1/small_SRR7963242_SE.run.log
mpi_static_split	has1	small_SRR7963242	SE	1	6	94.37	12.765	50.813	23.615	22.995	12.73	47.392	0.883	632616140	50.799							23.975256	25.959							mpi_static_split/has1/small_SRR7963242_SE.run.log
mpi_static_split	has1	small_SRR7963242	SE	2	6	94.39	14.521	50.711	26.315	25.683	14.444	41.769	0.864	632616140	50.697	0.988	0.32	52.509	0.131	0.516	0.001	25.658827	24.264							mpi_static_split/has1/small_SRR7963242_SE.run.log
mpi_static_split	has1	small_SRR7963242	SE	3	6	94.343	15.188	51.152	27.174	26.54	15.079	40.011	0.836	632616520	51.144							26.110691	23.848							mpi_static_split/has1/small_SRR7963242_SE.run.log
mpi_static_split	has1	small_SRR7963242	SE	4	6	94.407	13.542	51.929	21.697	21.086	13.411	44.985	0.739	632616140	51.911	0.91	0.332	49.252	0.122	0.519	0.001	22.064866	28.217							mpi_static_split/has1/small_SRR7963242_SE.run.log
mpi_static_split	has1	small_SRR7963242	SE	5	6	94.431	15.548	50.94	24.828	24.192	15.431	39.098	0.831	632616144	50.932	0.936	0.336	49.032	0.124	0.49	0.001	24.241906	25.678							mpi_static_split/has1/small_SRR7963242_SE.run.log
mpi_static_split	no1	ERR1203383	PE	0	6	163.311	74.579	57.671	126.518	123.665	74.566	14.919	2.055	1166478456	57.666							118.526294	10.87							mpi_static_split/no1/ERR1203383_PE.run.log
mpi_static_split	no1	ERR1203383	PE	1	6	163.232	74.733	58.545	122.399	120.325	74.402	14.952	2.043	1166474352	58.54							119.029892	10.712							mpi_static_split/no1/ERR1203383_PE.run.log
mpi_static_split	no1	ERR1203383	PE	2	6	163.268	73.921	61.784	126.129	123.821	73.627	15.109	1.984	1166474352	61.776	0.039	0.513	55.131	0.384	0.594	0.001	119.102061	10.755							mpi_static_split/no1/ERR1203383_PE.run.log
mpi_static_split	no1	ERR1203383	PE	3	6	163.26	75.378	55.186	122.283	120.291	75.08	14.817	2.066	1166474656	55.181							119.12507	10.721							mpi_static_split/no1/ERR1203383_PE.run.log
mpi_static_split	no1	ERR1203383	PE	4	6	163.276	75.089	54.727	123.138	121.157	74.822	14.868	2.075	1166478832	54.722	1.032	0.533	52.692	0.382	0.533	0.002	119.509026	10.591							mpi_static_split/no1/ERR1203383_PE.run.log
mpi_static_split	no1	ERR1203383	PE	5	6	163.209	71.024	103.815	122.827	120.75	70.722	15.73	2.034	1166478368	103.809	1.037	0.501	101.351	0.377	0.533	0.001	117.706518	10.795							mpi_static_split/no1/ERR1203383_PE.run.log
mpi_static_split	no1	ERR1203383	SE	0	6	66.132	40.489	24.755	56.495	55.423	40.482	13.74	2.171	583239228	24.753							55.510681	10.361							mpi_static_split/no1/ERR1203383_SE.run.log
mpi_static_split	no1	ERR1203383	SE	1	6	66.092	39.978	24.823	56.324	55.098	39.826	13.966	2.219	583237176	24.819							55.105152	10.332							mpi_static_split/no1/ERR1203383_SE.run.log
mpi_static_split	no1	ERR1203383	SE	2	6	66.121	40.441	25.811	56.602	55.415	40.307	13.799	2.17	583237176	25.807	25.0	0.245	22.893	0.179	0.409	0.001	55.294275	10.35							mpi_static_split/no1/ERR1203383_SE.run.log
mpi_static_split	no1	ERR1203383	SE	3	6	66.111	40.669	24.257	56.23	55.232	40.543	13.719	2.064	583237328	24.254							55.43946	10.297							mpi_static_split/no1/ERR1203383_SE.run.log
mpi_static_split	no1	ERR1203383	SE	4	6	66.127	40.336	23.614	56.33	55.269	40.221	13.829	2.19	583239416	23.612		0.259	22.123	0.178	0.409	0.001	55.309572	10.25							mpi_static_split/no1/ERR1203383_SE.run.log
mpi_static_split	no1	ERR1203383	SE	5	6	66.05	40.089	31.635	56.266	55.133	39.968	13.917	2.21	583239184	31.631	0.987	0.254	29.785	0.177	0.422	0.001	53.621237	10.619							mpi_static_split/no1/ERR1203383_SE.run.log
mpi_static_split	no1	SRR2496709	PE	0	6	138.033	73.503	73.751	131.342	129.103	73.493	15.296	2.192	1178735680	73.745							125.361504	10.652							mpi_static_split/no1/SRR2496709_PE.run.log
mpi_static_split	no1	SRR2496709	PE	1	6	137.805	70.843	65.361	129.553	127.679	70.676	15.905	2.129	1178737920								124.155582	10.387							mpi_static_split/no1/SRR2496709_PE.run.log
mpi_static_split	no1	SRR2496709	PE	2	6	138.021	73.48	70.508									0.523	71.253	0.319	0.591	0.001	123.827964	10.338							mpi_static_split/no1/SRR2496709_PE.run.log
mpi_static_split	no1	SRR2496709	PE	3	6	137.95	71.798	71.388	130.022	127.808	71.643	15.691	2.103	1178737920	71.378							123.439862	10.372							mpi_static_split/no1/SRR2496709_PE.run.log
mpi_static_split	no1	SRR2496709	PE	4	6	137.999	74.239	59.359	130.284	128.562	73.921	15.207	2.087	1178737968	59.355	1.094	0.506	68.873	0.313	0.58	0.002	125.490526	10.281							mpi_static_split/no1/SRR2496709_PE.run.log
mpi_static_split	no1	SRR2496709	PE	5	6	137.889	73.942	58.839	125.953	124.1	73.75	15.242	2.166	1178738536	58.833		0.519	56.376	0.298	0.598	0.001	123.364964	10.276							mpi_static_split/no1/SRR2496709_PE.run.log
mpi_static_split	no1	SRR2496709	SE	0	6	65.63	39.225	27.733	59.763	58.544	39.217	14.332	2.058	589367840	27.731							56.628149	10.738							mpi_static_split/no1/SRR2496709_SE.run.log
mpi_static_split	no1	SRR2496709	SE	1	6	65.539	39.861	26.242	58.783	57.935	39.775	14.131	1.936	589368960	26.239							56.425585	10.364							mpi_static_split/no1/SRR2496709_SE.run.log
mpi_static_split	no1	SRR2496709	SE	2	6	65.592	39.197	27.262	59.378	58.427	39.018	14.405	1.951	589368960	27.26	1.023	0.24	25.866	0.149	0.451	0.001	56.545104	10.264							mpi_static_split/no1/SRR2496709_SE.run.log
mpi_static_split	no1	SRR2496709	SE	3	6	65.559	39.584	27.203	58.938	58.066	39.448	14.248	2.059	589368960	27.202							56.162433	10.333							mpi_static_split/no1/SRR2496709_SE.run.log
mpi_static_split	no1	SRR2496709	SE	4	6	65.601	39.891	24.622	58.927	58.103	39.738	14.144	1.969	589368984	24.619		0.261	25.127	0.147	0.452	0.001	56.661436	10.338							mpi_static_split/no1/SRR2496709_SE.run.log
mpi_static_split	no1	SRR2496709	SE	5	6	65.575	38.185	24.563	55.102	54.228	38.082	14.759	1.977	589369268	24.561	1.09	0.252	22.617	0.144	0.455	0.001	56.315028	10.222							mpi_static_split/no1/SRR2496709_SE.run.log
mpi_static_split	no1	small_SRR7963242	PE	0	6	292.229	54.008	289.287	64.308	61.796	54.002	22.344	1.55	1265239120	289.28							57.386983	23.485							mpi_static_split/no1/small_SRR7963242_PE.run.log
mpi_static_split	no1	small_SRR7963242	PE	1	6	292.0	64.514	280.011	108.829	106.962	64.445	18.723	1.686	1265232280	280.0							105.660645	12.672							mpi_static_split/no1/small_SRR7963242_PE.run.log
mpi_static_split	no1	small_SRR7963242	PE	2	6	292.057	66.129	278.344	104.49	102.194	65.889	18.313	1.647	1265232280	278.329		0.537	286.636	0.238	0.589	0.001	100.19177	13.366							mpi_static_split/no1/small_SRR7963242_PE.run.log
mpi_static_split	no1	small_SRR7963242	PE	3	6	292.109	57.043	278.191	109.598	107.871	56.839	21.229	1.533	1265233040	278.186							106.171251	12.616							mpi_static_split/no1/small_SRR7963242_PE.run.log
mpi_static_split	no1	small_SRR7963242	PE	4	6	292.18	54.891	280.999	105.941	103.613	54.585	22.105	1.546	1265232280	280.986	1.226	0.644	275.477	0.238	0.592	0.001	101.36395	13.213							mpi_static_split/no1/small_SRR7963242_PE.run.log
mpi_static_split	no1	small_SRR7963242	PE	5	6	292.204	61.964	279.233	106.995	104.811	61.629	19.579	1.556	1265232288	279.218		0.471	276.545	0.239	0.584	0.001	103.253078	12.968							mpi_static_split/no1/small_SRR7963242_PE.run.log
mpi_static_split	no1	small_SRR7963242	SE	0	6	75.012	44.257	54.857	62.644	61.108	44.247	13.635	1.829	632619560	54.855							61.35032	10.208							mpi_static_split/no1/small_SRR7963242_SE.run.log
mpi_static_split	no1	small_SRR7963242	SE	1	6	74.9	45.853	51.605	64.517	63.756	45.809	13.17	1.817	632616140	51.603							64.676421	9.623							mpi_static_split/no1/small_SRR7963242_SE.run.log
mpi_static_split	no1	small_SRR7963242	SE	2	6	74.927	45.804	51.173	64.548	63.666	45.723						0.315	52.839	0.118	0.493	0.001	64.47759	9.656							mpi_static_split/no1/small_SRR7963242_SE.run.log
mpi_static_split	no1	small_SRR7963242	SE	3	6	74.947	45.883	51.413	64.532	63.845	45.792	13.175	1.774	632616520	51.409							64.848642	9.602							mpi_static_split/no1/small_SRR7963242_SE.run.log
mpi_static_split	no1	small_SRR7963242	SE	4	6	74.962	45.614	52.113	64.743	64.014	45.499	13.26	1.824	632616140	52.109	1.059	0.301	50.123	0.118	0.502	0.001	64.847513	9.601							mpi_static_split/no1/small_SRR7963242_SE.run.log
mpi_static_split	no1	small_SRR7963242	SE	5	6	74.974	45.725	51.3	64.429	63.692	45.594	13.232	1.819	632616144	51.296	1.068	0.317	49.274	0.121	0.51	0.001	64.569096	9.641							mpi_static_split/no1/small_SRR7963242_SE.run.log
