variant	dataset	read_mode	region	parent	depth	cycles_avg	cycles_min	cycles_max	instructions_avg	instructions_min	instructions_max	global_loads_avg	global_loads_min	global_loads_max	global_stores_avg	global_stores_min	global_stores_max	dcache_accesses_avg	dcache_accesses_min	dcache_accesses_max	dcache_misses_avg	dcache_misses_min	dcache_misses_max	memory_barrier_wait_cycles_avg	memory_barrier_wait_cycles_min	memory_barrier_wait_cycles_max	instruction_buffer_empty_cycles_avg	instruction_buffer_empty_cycles_min	instruction_buffer_empty_cycles_max	cpi_avg
baseline	ERR1203383	PE	WORKER_ALIGNMENT		0	8716000000	8691000000	9226000000	3255000000	3078000000	3650000000	2626	2306	2922	0	0	0	316000000	279000000	377000000	3183000	2831000	3465000	24	0	1556	3061000000	2848000000	3204000000	2.677727
baseline	ERR1203383	PE	MEM_CHAIN	WORKER_ALIGNMENT	1	4703000000	4168000000	5106000000	1553000000	1372000000	1696000000	0	0	0	0	0	0	87000000	77000000	94000000	3002000	2664000	3282000	0	0	0	1403000000	1236000000	1537000000	3.028332
baseline	ERR1203383	PE	CHAIN_FILTER	WORKER_ALIGNMENT	1	200000000	148000000	259000000	56000000	29000000	89000000	0	0	0	0	0	0	12000000	5576000	21000000	4804	3684	6261	0	0	0	98000000	89000000	104000000	3.571429
baseline	ERR1203383	PE	CHAIN_EXTENSION	WORKER_ALIGNMENT	1	893000000	821000000	1026000000	387000000	331000000	471000000	0	0	0	0	0	0	57000000	49000000	69000000	47000	42000	56000	0	0	0	393000000	367000000	435000000	2.307494
baseline	ERR1203383	PE	ALIGNMENT_FINALIZE	WORKER_ALIGNMENT	1	103000000	92000000	119000000	29000000	21000000	40000000	0	0	0	0	0	0	4387000	3140000	6088000	86	45	242	0	0	0	58000000	52000000	61000000	3.551724
baseline	ERR1203383	PE	MATE_RESCUE	SAM_FORMAT	2	1657000000	1150000000	2366000000	1065000000	750000000	1454000000	0	0	0	0	0	0	130000000	88000000	188000000	22000	18000	30000	0	0	0	295000000	226000000	400000000	1.555869
baseline	ERR1203383	PE	PAIRING	SAM_FORMAT	2	122000000	110000000	130000000	17000000	15000000	18000000	0	0	0	0	0	0	2291000	2155000	2391000	1370	643	3317	0	0	0	95000000	84000000	102000000	7.176471
baseline	ERR1203383	PE	SAM_FORMAT	WORKER_ALIGNMENT	1	2644000000	2211000000	3293000000	1217000000	913000000	1590000000	0	0	0	0	0	0	154000000	113000000	211000000	59000	54000	69000	0	0	0	1010000000	974000000	1063000000	2.172555
baseline	ERR1203383	PE	SAM_COPY		0	62000000	55000000	65000000	4941000	4326000	5519000	0	0	0	0	0	0	936000	821000	1043000	29000	25000	32000	0	0	0	891000	782000	990000	12.548067
baseline	ERR1203383	PE	MEM_CHAIN_COLLECT	MEM_CHAIN	2	3052000000	2676000000	3360000000	1141000000	1004000000	1266000000	0	0	0	0	0	0	59000000	52000000	66000000	1984000	1745000	2188000	0	0	0	1067000000	937000000	1176000000	2.674847
baseline	ERR1203383	PE	MEM_CHAIN_BUILD	MEM_CHAIN	2	1406000000	1265000000	1527000000	396000000	355000000	428000000	0	0	0	0	0	0	26000000	24000000	28000000	977000	881000	1072000	0	0	0	213000000	191000000	229000000	3.550505
baseline	ERR1203383	PE	CHAIN_EXTENSION_DP	CHAIN_EXTENSION	2	451000000	392000000	566000000	293000000	241000000	373000000	0	0	0	0	0	0	43000000	35000000	54000000	11000	7159	13000	0	0	0	129000000	114000000	159000000	1.539249
baseline	ERR1203383	PE	MATE_REF_FETCH	MATE_RESCUE	3	21000000	16000000	25000000	14000000	11000000	16000000	0	0	0	0	0	0	2107000	1635000	2531000	2450	1908	3541	0	0	0	2421000	1841000	2802000	1.500000
baseline	ERR1203383	PE	MATE_KSW_ALIGN	MATE_RESCUE	3	1044000000	813000000	1283000000	819000000	639000000	993000000	0	0	0	0	0	0	91000000	71000000	111000000	5661	4489	7727	0	0	0	84000000	60000000	112000000	1.274725
baseline	ERR1203383	PE	KSW_QUERY_INIT_FORWARD	MATE_KSW_ALIGN	4	30000000	23000000	35000000	13000000	9955000	15000000	0	0	0	0	0	0	2855000	2215000	3431000	1882	1545	2176	0	0	0	3081000	2402000	3619000	2.307692
baseline	ERR1203383	PE	KSW_DP_FORWARD	MATE_KSW_ALIGN	4	859000000	666000000	1033000000	708000000	547000000	851000000	0	0	0	0	0	0	76000000	58000000	91000000	2072	1719	2507	0	0	0	61000000	44000000	81000000	1.213277
baseline	ERR1203383	PE	KSW_QUERY_INIT_REVERSE	MATE_KSW_ALIGN	4	21000000	14000000	31000000	7284000	4917000	11000000	0	0	0	0	0	0	1601000	1082000	2352000	155	90	235	0	0	0	6885000	4019000	10000000	2.883031
baseline	ERR1203383	PE	KSW_DP_REVERSE	MATE_KSW_ALIGN	4	118000000	78000000	174000000	86000000	57000000	127000000	0	0	0	0	0	0	9853000	6516000	15000000	110	76	196	0	0	0	6994000	4644000	10000000	1.372093
baseline	SRR7963242	PE	WORKER_ALIGNMENT		0	113000000000	112000000000	115000000000	74000000000	73000000000	75000000000	6490	5916	7216	0	0	0	9317000000	9062000000	9585000000	24000000	22000000	26000000	58	0	3718	13000000000	13000000000	14000000000	1.527027
baseline	SRR7963242	PE	MEM_CHAIN	WORKER_ALIGNMENT	1	25000000000	24000000000	27000000000	12000000000	11000000000	13000000000	0	0	0	0	0	0	707000000	663000000	766000000	21000000	20000000	24000000	0	0	0	3299000000	3065000000	3553000000	2.083333
baseline	SRR7963242	PE	CHAIN_FILTER	WORKER_ALIGNMENT	1	3785000000	3198000000	4402000000	1654000000	1451000000	1839000000	0	0	0	0	0	0	412000000	360000000	458000000	589000	201000	1330000	0	0	0	461000000	432000000	484000000	2.288392
baseline	SRR7963242	PE	CHAIN_EXTENSION	WORKER_ALIGNMENT	1	22000000000	20000000000	24000000000	18000000000	16000000000	20000000000	0	0	0	0	0	0	2661000000	2412000000	2963000000	698000	629000	807000	0	0	0	2777000000	2649000000	2907000000	1.222222
baseline	SRR7963242	PE	ALIGNMENT_FINALIZE	WORKER_ALIGNMENT	1	1346000000	1228000000	1464000000	703000000	627000000	816000000	0	0	0	0	0	0	110000000	97000000	134000000	1765	1077	3754	0	0	0	265000000	251000000	273000000	1.914651
baseline	SRR7963242	PE	MATE_RESCUE	SAM_FORMAT	2	57000000000	54000000000	60000000000	40000000000	38000000000	42000000000	0	0	0	0	0	0	5189000000	4930000000	5448000000	419000	368000	525000	0	0	0	5090000000	4788000000	5437000000	1.425000
baseline	SRR7963242	PE	PAIRING	SAM_FORMAT	2	376000000	354000000	429000000	88000000	82000000	101000000	0	0	0	0	0	0	16000000	15000000	18000000	33000	29000	46000	0	0	0	210000000	193000000	235000000	4.272727
baseline	SRR7963242	PE	SAM_FORMAT	WORKER_ALIGNMENT	1	61000000000	58000000000	63000000000	41000000000	40000000000	43000000000	0	0	0	0	0	0	5418000000	5166000000	5665000000	635000	577000	757000	0	0	0	6323000000	6085000000	6627000000	1.487805
baseline	SRR7963242	PE	SAM_COPY		0	175000000	163000000	185000000	12000000	11000000	13000000	0	0	0	0	0	0	2310000	2104000	2576000	81000	74000	90000	0	0	0	2273000	2078000	2522000	14.583333
baseline	SRR7963242	PE	MEM_CHAIN_COLLECT	MEM_CHAIN	2	12000000000	11000000000	14000000000	6969000000	6442000000	7608000000	0	0	0	0	0	0	371000000	340000000	405000000	11000000	9569000	12000000	0	0	0	2143000000	1960000000	2329000000	1.721911
baseline	SRR7963242	PE	MEM_CHAIN_BUILD	MEM_CHAIN	2	13000000000	12000000000	14000000000	4868000000	4526000000	5299000000	0	0	0	0	0	0	333000000	312000000	358000000	11000000	10000000	12000000	0	0	0	1014000000	955000000	1084000000	2.670501
baseline	SRR7963242	PE	CHAIN_EXTENSION_DP	CHAIN_EXTENSION	2	17000000000	16000000000	19000000000	17000000000	15000000000	19000000000	0	0	0	0	0	0	2420000000	2174000000	2712000000	116000	96000	148000	0	0	0	1256000000	1174000000	1357000000	1.000000
baseline	SRR7963242	PE	MATE_REF_FETCH	MATE_RESCUE	3	324000000	300000000	343000000	217000000	200000000	231000000	0	0	0	0	0	0	33000000	31000000	36000000	39000	36000	47000	0	0	0	34000000	32000000	36000000	1.493088
baseline	SRR7963242	PE	MATE_KSW_ALIGN	MATE_RESCUE	3	35000000000	32000000000	36000000000	28000000000	26000000000	29000000000	0	0	0	0	0	0	3329000000	3044000000	3497000000	134000	111000	187000	0	0	0	1372000000	1269000000	1443000000	1.250000
baseline	SRR7963242	PE	KSW_QUERY_INIT_FORWARD	MATE_KSW_ALIGN	4	743000000	683000000	793000000	340000000	313000000	362000000	0	0	0	0	0	0	78000000	72000000	83000000	43000	37000	56000	0	0	0	43000000	40000000	46000000	2.185294
baseline	SRR7963242	PE	KSW_DP_FORWARD	MATE_KSW_ALIGN	4	26000000000	24000000000	27000000000	22000000000	20000000000	23000000000	0	0	0	0	0	0	2510000000	2315000000	2646000000	51000	41000	65000	0	0	0	1030000000	954000000	1084000000	1.181818
baseline	SRR7963242	PE	KSW_QUERY_INIT_REVERSE	MATE_KSW_ALIGN	4	516000000	470000000	549000000	219000000	199000000	233000000	0	0	0	0	0	0	50000000	45000000	53000000	5257	3588	8803	0	0	0	78000000	73000000	84000000	2.356164
baseline	SRR7963242	PE	KSW_DP_REVERSE	MATE_KSW_ALIGN	4	7173000000	6335000000	7681000000	5440000000	4810000000	5822000000	0	0	0	0	0	0	647000000	572000000	693000000	2351	1889	2850	0	0	0	170000000	154000000	182000000	1.318566
baseline_dedup	SRR7963242	PE	WORKER_ALIGNMENT		0	113000000000	112000000000	115000000000	74000000000	73000000000	75000000000	6535	5598	7041	0	0	0	9315000000	9149000000	9655000000	24000000	22000000	26000000	51	0	3283	13000000000	13000000000	13000000000	1.527027
baseline_dedup	SRR7963242	PE	MEM_CHAIN	WORKER_ALIGNMENT	1	25000000000	22000000000	27000000000	12000000000	10000000000	13000000000	0	0	0	0	0	0	712000000	627000000	771000000	22000000	19000000	24000000	0	0	0	3192000000	2763000000	3444000000	2.083333
baseline_dedup	SRR7963242	PE	CHAIN_FILTER	WORKER_ALIGNMENT	1	3812000000	3169000000	4587000000	1659000000	1438000000	1890000000	0	0	0	0	0	0	413000000	358000000	471000000	614000	164000	1502000	0	0	0	468000000	438000000	501000000	2.297770
baseline_dedup	SRR7963242	PE	CHAIN_EXTENSION	WORKER_ALIGNMENT	1	22000000000	20000000000	23000000000	18000000000	16000000000	20000000000	0	0	0	0	0	0	2684000000	2373000000	2914000000	702000	631000	891000	0	0	0	2626000000	2495000000	2793000000	1.222222
baseline_dedup	SRR7963242	PE	ALIGNMENT_FINALIZE	WORKER_ALIGNMENT	1	1351000000	1224000000	1544000000	703000000	624000000	875000000	0	0	0	0	0	0	110000000	96000000	145000000	1752	1029	3825	0	0	0	269000000	255000000	286000000	1.921764
baseline_dedup	SRR7963242	PE	MATE_RESCUE	SAM_FORMAT	2	57000000000	55000000000	59000000000	40000000000	38000000000	41000000000	0	0	0	0	0	0	5157000000	4937000000	5345000000	403000	353000	480000	0	0	0	5007000000	4701000000	5434000000	1.425000
baseline_dedup	SRR7963242	PE	PAIRING	SAM_FORMAT	2	352000000	329000000	409000000	88000000	83000000	101000000	0	0	0	0	0	0	16000000	15000000	18000000	34000	30000	45000	0	0	0	189000000	170000000	217000000	4.000000
baseline_dedup	SRR7963242	PE	SAM_FORMAT	WORKER_ALIGNMENT	1	60000000000	58000000000	62000000000	41000000000	39000000000	43000000000	0	0	0	0	0	0	5388000000	5179000000	5568000000	619000	556000	699000	0	0	0	6221000000	5904000000	6550000000	1.463415
baseline_dedup	SRR7963242	PE	SAM_COPY		0	176000000	159000000	184000000	12000000	10000000	13000000	0	0	0	0	0	0	2326000	1984000	2506000	82000	70000	89000	0	0	0	2298000	1973000	2479000	14.666667
baseline_dedup	SRR7963242	PE	MEM_CHAIN_COLLECT	MEM_CHAIN	2	13000000000	11000000000	14000000000	7032000000	6010000000	7673000000	0	0	0	0	0	0	374000000	320000000	409000000	11000000	9036000	12000000	0	0	0	2134000000	1817000000	2314000000	1.848692
baseline_dedup	SRR7963242	PE	MEM_CHAIN_BUILD	MEM_CHAIN	2	13000000000	11000000000	14000000000	4888000000	4389000000	5341000000	0	0	0	0	0	0	334000000	304000000	358000000	11000000	9653000	12000000	0	0	0	969000000	871000000	1035000000	2.659574
baseline_dedup	SRR7963242	PE	CHAIN_EXTENSION_DP	CHAIN_EXTENSION	2	18000000000	16000000000	19000000000	17000000000	15000000000	18000000000	0	0	0	0	0	0	2442000000	2139000000	2666000000	118000	100000	172000	0	0	0	1157000000	1075000000	1241000000	1.058824
baseline_dedup	SRR7963242	PE	MATE_REF_FETCH	MATE_RESCUE	3	325000000	304000000	342000000	217000000	204000000	230000000	0	0	0	0	0	0	33000000	31000000	35000000	40000	36000	50000	0	0	0	35000000	32000000	37000000	1.497696
baseline_dedup	SRR7963242	PE	MATE_KSW_ALIGN	MATE_RESCUE	3	35000000000	32000000000	37000000000	28000000000	26000000000	30000000000	0	0	0	0	0	0	3327000000	3094000000	3546000000	126000	105000	193000	0	0	0	1378000000	1263000000	1464000000	1.250000
baseline_dedup	SRR7963242	PE	KSW_QUERY_INIT_FORWARD	MATE_KSW_ALIGN	4	768000000	720000000	812000000	340000000	319000000	361000000	0	0	0	0	0	0	78000000	73000000	83000000	43000	35000	65000	0	0	0	68000000	63000000	71000000	2.258824
baseline_dedup	SRR7963242	PE	KSW_DP_FORWARD	MATE_KSW_ALIGN	4	26000000000	24000000000	28000000000	22000000000	20000000000	23000000000	0	0	0	0	0	0	2509000000	2340000000	2661000000	46000	39000	64000	0	0	0	1011000000	924000000	1074000000	1.181818
baseline_dedup	SRR7963242	PE	KSW_QUERY_INIT_REVERSE	MATE_KSW_ALIGN	4	515000000	470000000	553000000	219000000	199000000	235000000	0	0	0	0	0	0	50000000	45000000	54000000	4943	3560	8415	0	0	0	78000000	71000000	84000000	2.351598
baseline_dedup	SRR7963242	PE	KSW_DP_REVERSE	MATE_KSW_ALIGN	4	7155000000	6528000000	7815000000	5427000000	4949000000	5924000000	0	0	0	0	0	0	645000000	589000000	705000000	2274	1878	3083	0	0	0	170000000	157000000	184000000	1.318408
baseline_dedup	SRR7963242	PE	MATE_DEDUP	MATE_RESCUE	3	21000000000	19000000000	24000000000	11000000000	10000000000	13000000000	0	0	0	0	0	0	1742000000	1585000000	2033000000	14000	6140	61000	0	0	0	3309000000	3027000000	3782000000	1.909091
optimized	ERR1203383	PE	WORKER_ALIGNMENT		0	8222000000	8198000000	8461000000	3256000000	3048000000	3535000000	2585	2094	3000	0	0	0	318000000	269000000	387000000	3168000	2671000	3575000	10	0	613	2445000000	2196000000	2587000000	2.525184
optimized	ERR1203383	PE	MEM_CHAIN	WORKER_ALIGNMENT	1	4326000000	3614000000	4823000000	1535000000	1288000000	1731000000	0	0	0	0	0	0	86000000	73000000	96000000	2977000	2493000	3364000	0	0	0	940000000	766000000	1053000000	2.818241
optimized	ERR1203383	PE	CHAIN_FILTER	WORKER_ALIGNMENT	1	230000000	167000000	317000000	61000000	27000000	112000000	0	0	0	0	0	0	14000000	4984000	27000000	6110	3609	56000	0	0	0	115000000	99000000	123000000	3.770492
optimized	ERR1203383	PE	CHAIN_EXTENSION	WORKER_ALIGNMENT	1	897000000	824000000	1002000000	393000000	341000000	486000000	0	0	0	0	0	0	58000000	50000000	71000000	49000	42000	60000	0	0	0	389000000	363000000	415000000	2.282443
optimized	ERR1203383	PE	ALIGNMENT_FINALIZE	WORKER_ALIGNMENT	1	104000000	89000000	118000000	31000000	19000000	41000000	0	0	0	0	0	0	4638000	2829000	6280000	89	50	147	0	0	0	56000000	49000000	59000000	3.354839
optimized	ERR1203383	PE	MATE_RESCUE	SAM_FORMAT	2	1607000000	1102000000	2494000000	1072000000	751000000	1591000000	0	0	0	0	0	0	130000000	88000000	204000000	24000	18000	33000	0	0	0	233000000	172000000	358000000	1.499067
optimized	ERR1203383	PE	PAIRING	SAM_FORMAT	2	95000000	81000000	107000000	17000000	15000000	18000000	0	0	0	0	0	0	2286000	2103000	2386000	1691	981	3787	0	0	0	68000000	56000000	75000000	5.588235
optimized	ERR1203383	PE	SAM_FORMAT	WORKER_ALIGNMENT	1	2511000000	2115000000	3298000000	1223000000	915000000	1725000000	0	0	0	0	0	0	154000000	113000000	226000000	64000	57000	73000	0	0	0	864000000	821000000	905000000	2.053148
optimized	ERR1203383	PE	SAM_COPY		0	61000000	51000000	66000000	4864000	3933000	5664000	0	0	0	0	0	0	921000	748000	1069000	28000	23000	33000	0	0	0	880000	713000	1018000	12.541118
optimized	ERR1203383	PE	MEM_CHAIN_COLLECT	MEM_CHAIN	2	2745000000	2199000000	3123000000	1125000000	913000000	1289000000	0	0	0	0	0	0	58000000	47000000	67000000	1960000	1574000	2259000	0	0	0	716000000	577000000	805000000	2.440000
optimized	ERR1203383	PE	MEM_CHAIN_BUILD	MEM_CHAIN	2	1400000000	1252000000	1506000000	395000000	360000000	425000000	0	0	0	0	0	0	26000000	24000000	28000000	978000	877000	1064000	0	0	0	165000000	142000000	182000000	3.544304
optimized	ERR1203383	PE	CHAIN_EXTENSION_DP	CHAIN_EXTENSION	2	436000000	370000000	529000000	298000000	250000000	384000000	0	0	0	0	0	0	43000000	37000000	56000000	11000	8778	14000	0	0	0	110000000	95000000	126000000	1.463087
optimized	ERR1203383	PE	MATE_REF_FETCH	MATE_RESCUE	3	21000000	17000000	26000000	14000000	11000000	17000000	0	0	0	0	0	0	2146000	1661000	2645000	2724	2232	3399	0	0	0	2162000	1783000	2553000	1.500000
optimized	ERR1203383	PE	MATE_KSW_ALIGN	MATE_RESCUE	3	1058000000	820000000	1293000000	832000000	645000000	1019000000	0	0	0	0	0	0	93000000	72000000	114000000	6348	5146	9132	0	0	0	81000000	62000000	101000000	1.271635
optimized	ERR1203383	PE	KSW_QUERY_INIT_FORWARD	MATE_KSW_ALIGN	4	34000000	27000000	41000000	13000000	10000000	16000000	0	0	0	0	0	0	2908000	2248000	3585000	1912	1537	2367	0	0	0	6831000	5282000	8339000	2.615385
optimized	ERR1203383	PE	KSW_DP_FORWARD	MATE_KSW_ALIGN	4	870000000	671000000	1071000000	720000000	556000000	886000000	0	0	0	0	0	0	77000000	59000000	94000000	2232	1852	3272	0	0	0	58000000	44000000	72000000	1.208333
optimized	ERR1203383	PE	KSW_QUERY_INIT_REVERSE	MATE_KSW_ALIGN	4	20000000	14000000	25000000	7389000	5452000	9463000	0	0	0	0	0	0	1624000	1199000	2087000	158	104	223	0	0	0	5086000	3670000	6555000	2.706726
optimized	ERR1203383	PE	KSW_DP_REVERSE	MATE_KSW_ALIGN	4	119000000	84000000	155000000	87000000	62000000	114000000	0	0	0	0	0	0	9971000	7028000	13000000	114	65	185	0	0	0	6871000	5003000	8690000	1.367816
optimized	ERR1203383	PE	MATE_DEDUP	MATE_RESCUE	3	409000000	152000000	1121000000	206000000	79000000	583000000	0	0	0	0	0	0	33000000	12000000	91000000	92	15	365	0	0	0	74000000	30000000	187000000	1.985437
optimized	ERR1203383	SE	WORKER_ALIGNMENT		0	3829000000	3825000000	3869000000	1057000000	1023000000	1103000000	2593	2428	2737	0	0	0	89000000	82000000	99000000	1608000	1557000	1650000	12	0	773	1411000000	1372000000	1448000000	3.622517
optimized	ERR1203383	SE	MEM_CHAIN	WORKER_ALIGNMENT	1	2552000000	2468000000	2618000000	766000000	739000000	791000000	0	0	0	0	0	0	44000000	42000000	45000000	1515000	1463000	1556000	0	0	0	639000000	607000000	669000000	3.331593
optimized	ERR1203383	SE	CHAIN_FILTER	WORKER_ALIGNMENT	1	125000000	96000000	170000000	28000000	14000000	52000000	0	0	0	0	0	0	6295000	2682000	12000000	2490	1814	4339	0	0	0	73000000	69000000	76000000	4.464286
optimized	ERR1203383	SE	CHAIN_EXTENSION	WORKER_ALIGNMENT	1	479000000	421000000	554000000	183000000	147000000	234000000	0	0	0	0	0	0	27000000	22000000	34000000	25000	22000	31000	0	0	0	235000000	217000000	259000000	2.617486
optimized	ERR1203383	SE	ALIGNMENT_FINALIZE	WORKER_ALIGNMENT	1	56000000	48000000	66000000	14000000	9878000	20000000	0	0	0	0	0	0	2116000	1449000	3101000	47	20	148	0	0	0	34000000	32000000	35000000	4.000000
optimized	ERR1203383	SE	MATE_RESCUE	SAM_FORMAT	2	0	0	0	0	0	0	0	0	0	0	0	0	0	0	0	0	0	0	0	0	0	0	0	0	nan
optimized	ERR1203383	SE	PAIRING	SAM_FORMAT	2	0	0	0	0	0	0	0	0	0	0	0	0	0	0	0	0	0	0	0	0	0	0	0	0	nan
optimized	ERR1203383	SE	SAM_FORMAT	WORKER_ALIGNMENT	1	520000000	494000000	540000000	59000000	56000000	63000000	0	0	0	0	0	0	9370000	8845000	9875000	28000	26000	31000	0	0	0	391000000	370000000	410000000	8.813559
optimized	ERR1203383	SE	SAM_COPY		0	35000000	33000000	36000000	2320000	2172000	2446000	0	0	0	0	0	0	437000	409000	460000	17000	16000	18000	0	0	0	489000	458000	516000	15.086207
optimized	ERR1203383	SE	MEM_CHAIN_COLLECT	MEM_CHAIN	2	1630000000	1525000000	1690000000	565000000	533000000	589000000	0	0	0	0	0	0	30000000	28000000	31000000	990000	928000	1033000	0	0	0	507000000	477000000	533000000	2.884956
optimized	ERR1203383	SE	MEM_CHAIN_BUILD	MEM_CHAIN	2	785000000	757000000	826000000	194000000	185000000	208000000	0	0	0	0	0	0	13000000	12000000	14000000	485000	458000	527000	0	0	0	106000000	103000000	109000000	4.046392
optimized	ERR1203383	SE	CHAIN_EXTENSION_DP	CHAIN_EXTENSION	2	214000000	175000000	276000000	137000000	106000000	185000000	0	0	0	0	0	0	20000000	16000000	27000000	5988	4683	7947	0	0	0	61000000	53000000	75000000	1.562044
optimized	ERR1203383	SE	MATE_REF_FETCH	MATE_RESCUE	3	0	0	0	0	0	0	0	0	0	0	0	0	0	0	0	0	0	0	0	0	0	0	0	0	nan
optimized	ERR1203383	SE	MATE_KSW_ALIGN	MATE_RESCUE	3	0	0	0	0	0	0	0	0	0	0	0	0	0	0	0	0	0	0	0	0	0	0	0	0	nan
optimized	ERR1203383	SE	KSW_QUERY_INIT_FORWARD	MATE_KSW_ALIGN	4	0	0	0	0	0	0	0	0	0	0	0	0	0	0	0	0	0	0	0	0	0	0	0	0	nan
optimized	ERR1203383	SE	KSW_DP_FORWARD	MATE_KSW_ALIGN	4	0	0	0	0	0	0	0	0	0	0	0	0	0	0	0	0	0	0	0	0	0	0	0	0	nan
optimized	ERR1203383	SE	KSW_QUERY_INIT_REVERSE	MATE_KSW_ALIGN	4	0	0	0	0	0	0	0	0	0	0	0	0	0	0	0	0	0	0	0	0	0	0	0	0	nan
optimized	ERR1203383	SE	KSW_DP_REVERSE	MATE_KSW_ALIGN	4	0	0	0	0	0	0	0	0	0	0	0	0	0	0	0	0	0	0	0	0	0	0	0	0	nan
optimized	ERR1203383	SE	MATE_DEDUP	MATE_RESCUE	3	0	0	0	0	0	0	0	0	0	0	0	0	0	0	0	0	0	0	0	0	0	0	0	0	nan
optimized	SRR2496709	PE	WORKER_ALIGNMENT		0	26000000000	26000000000	26000000000	12000000000	12000000000	13000000000	5473	5070	5764	0	0	0	1343000000	1293000000	1399000000	8918000	8415000	9595000	30	0	1932	6237000000	6037000000	6383000000	2.166667
optimized	SRR2496709	PE	MEM_CHAIN	WORKER_ALIGNMENT	1	12000000000	11000000000	12000000000	4627000000	4319000000	4830000000	0	0	0	0	0	0	251000000	236000000	262000000	8315000	7781000	8643000	0	0	0	2275000000	2145000000	2368000000	2.593473
optimized	SRR2496709	PE	CHAIN_FILTER	WORKER_ALIGNMENT	1	766000000	616000000	1098000000	255000000	195000000	327000000	0	0	0	0	0	0	61000000	46000000	79000000	81000	16000	457000	0	0	0	263000000	252000000	280000000	3.003922
optimized	SRR2496709	PE	CHAIN_EXTENSION	WORKER_ALIGNMENT	1	3778000000	3483000000	4196000000	2390000000	2142000000	2783000000	0	0	0	0	0	0	350000000	314000000	407000000	154000	137000	199000	0	0	0	1070000000	1023000000	1112000000	1.580753
optimized	SRR2496709	PE	ALIGNMENT_FINALIZE	WORKER_ALIGNMENT	1	335000000	298000000	365000000	115000000	93000000	131000000	0	0	0	0	0	0	17000000	14000000	20000000	273	182	648	0	0	0	156000000	148000000	164000000	2.913043
optimized	SRR2496709	PE	MATE_RESCUE	SAM_FORMAT	2	6248000000	5321000000	7136000000	4293000000	3746000000	4807000000	0	0	0	0	0	0	538000000	461000000	612000000	90000	78000	120000	0	0	0	715000000	597000000	835000000	1.455392
optimized	SRR2496709	PE	PAIRING	SAM_FORMAT	2	221000000	211000000	233000000	41000000	39000000	43000000	0	0	0	0	0	0	5801000	5458000	6248000	5097	3853	6379	0	0	0	153000000	145000000	160000000	5.390244
optimized	SRR2496709	PE	SAM_FORMAT	WORKER_ALIGNMENT	1	8921000000	8036000000	9670000000	5030000000	4504000000	5508000000	0	0	0	0	0	0	658000000	584000000	727000000	205000	191000	236000	0	0	0	2309000000	2206000000	2368000000	1.773559
optimized	SRR2496709	PE	SAM_COPY		0	140000000	133000000	144000000	10000000	9284000	11000000	0	0	0	0	0	0	1890000	1752000	2003000	64000	59000	67000	0	0	0	1948000	1806000	2049000	14.000000
optimized	SRR2496709	PE	MEM_CHAIN_COLLECT	MEM_CHAIN	2	7380000000	6941000000	7704000000	3265000000	3048000000	3424000000	0	0	0	0	0	0	167000000	156000000	175000000	5507000	5146000	5758000	0	0	0	1759000000	1658000000	1829000000	2.260337
optimized	SRR2496709	PE	MEM_CHAIN_BUILD	MEM_CHAIN	2	3959000000	3746000000	4148000000	1332000000	1242000000	1412000000	0	0	0	0	0	0	81000000	77000000	86000000	2764000	2590000	2914000	0	0	0	398000000	375000000	415000000	2.972222
optimized	SRR2496709	PE	CHAIN_EXTENSION_DP	CHAIN_EXTENSION	2	2451000000	2183000000	2840000000	2056000000	1815000000	2441000000	0	0	0	0	0	0	299000000	264000000	353000000	35000	32000	42000	0	0	0	357000000	327000000	385000000	1.192121
optimized	SRR2496709	PE	MATE_REF_FETCH	MATE_RESCUE	3	60000000	53000000	67000000	39000000	34000000	44000000	0	0	0	0	0	0	5976000	5142000	6734000	7842	6856	9605	0	0	0	6851000	6231000	7435000	1.538462
optimized	SRR2496709	PE	MATE_KSW_ALIGN	MATE_RESCUE	3	4018000000	3529000000	4513000000	3211000000	2805000000	3614000000	0	0	0	0	0	0	370000000	324000000	417000000	40000	36000	48000	0	0	0	233000000	208000000	257000000	1.251324
optimized	SRR2496709	PE	KSW_QUERY_INIT_FORWARD	MATE_KSW_ALIGN	4	120000000	106000000	134000000	47000000	40000000	53000000	0	0	0	0	0	0	10000000	8997000	12000000	14000	13000	17000	0	0	0	19000000	16000000	20000000	2.553191
optimized	SRR2496709	PE	KSW_DP_FORWARD	MATE_KSW_ALIGN	4	3224000000	2814000000	3637000000	2703000000	2349000000	3051000000	0	0	0	0	0	0	300000000	261000000	339000000	13000	11000	15000	0	0	0	170000000	150000000	189000000	1.192749
optimized	SRR2496709	PE	KSW_QUERY_INIT_REVERSE	MATE_KSW_ALIGN	4	63000000	55000000	71000000	25000000	22000000	28000000	0	0	0	0	0	0	5568000	4814000	6333000	2566	2002	3174	0	0	0	12000000	11000000	14000000	2.520000
optimized	SRR2496709	PE	KSW_DP_REVERSE	MATE_KSW_ALIGN	4	566000000	479000000	654000000	423000000	357000000	488000000	0	0	0	0	0	0	49000000	42000000	57000000	1665	1398	1974	0	0	0	21000000	18000000	24000000	1.338061
optimized	SRR2496709	PE	MATE_DEDUP	MATE_RESCUE	3	1863000000	1268000000	2566000000	974000000	645000000	1358000000	0	0	0	0	0	0	152000000	102000000	211000000	1180	274	13000	0	0	0	304000000	209000000	409000000	1.912731
optimized	SRR7963242	PE	WORKER_ALIGNMENT		0	111000000000	110000000000	113000000000	73000000000	72000000000	74000000000	6527	5863	7171	0	0	0	9158000000	8985000000	9400000000	24000000	21000000	26000000	52	0	3302	13000000000	12000000000	13000000000	1.520548
optimized	SRR7963242	PE	MEM_CHAIN	WORKER_ALIGNMENT	1	25000000000	23000000000	27000000000	12000000000	11000000000	13000000000	0	0	0	0	0	0	709000000	664000000	768000000	22000000	19000000	24000000	0	0	0	2980000000	2777000000	3238000000	2.083333
optimized	SRR7963242	PE	CHAIN_FILTER	WORKER_ALIGNMENT	1	3861000000	3254000000	4717000000	1662000000	1449000000	1866000000	0	0	0	0	0	0	414000000	360000000	465000000	656000	201000	1744000	0	0	0	487000000	465000000	521000000	2.323105
optimized	SRR7963242	PE	CHAIN_EXTENSION	WORKER_ALIGNMENT	1	22000000000	21000000000	24000000000	18000000000	17000000000	20000000000	0	0	0	0	0	0	2691000000	2460000000	2933000000	711000	647000	1007000	0	0	0	2911000000	2764000000	3108000000	1.222222
optimized	SRR7963242	PE	ALIGNMENT_FINALIZE	WORKER_ALIGNMENT	1	1355000000	1260000000	1555000000	710000000	647000000	883000000	0	0	0	0	0	0	111000000	100000000	146000000	1915	1105	9046	0	0	0	267000000	254000000	280000000	1.908451
optimized	SRR7963242	PE	MATE_RESCUE	SAM_FORMAT	2	55000000000	52000000000	57000000000	39000000000	38000000000	40000000000	0	0	0	0	0	0	4995000000	4788000000	5172000000	407000	353000	631000	0	0	0	4646000000	4217000000	5009000000	1.410256
optimized	SRR7963242	PE	PAIRING	SAM_FORMAT	2	341000000	321000000	384000000	88000000	83000000	97000000	0	0	0	0	0	0	16000000	15000000	17000000	34000	31000	45000	0	0	0	173000000	160000000	194000000	3.875000
optimized	SRR7963242	PE	SAM_FORMAT	WORKER_ALIGNMENT	1	58000000000	56000000000	60000000000	40000000000	39000000000	41000000000	0	0	0	0	0	0	5225000000	5036000000	5399000000	632000	571000	890000	0	0	0	5887000000	5588000000	6158000000	1.450000
optimized	SRR7963242	PE	SAM_COPY		0	176000000	163000000	186000000	12000000	11000000	13000000	0	0	0	0	0	0	2323000	2092000	2561000	82000	74000	90000	0	0	0	2296000	2065000	2519000	14.666667
optimized	SRR7963242	PE	MEM_CHAIN_COLLECT	MEM_CHAIN	2	12000000000	11000000000	14000000000	7003000000	6477000000	7646000000	0	0	0	0	0	0	372000000	343000000	409000000	11000000	9393000	12000000	0	0	0	1950000000	1791000000	2150000000	1.713551
optimized	SRR7963242	PE	MEM_CHAIN_BUILD	MEM_CHAIN	2	13000000000	12000000000	13000000000	4863000000	4554000000	5361000000	0	0	0	0	0	0	333000000	315000000	356000000	11000000	9854000	12000000	0	0	0	933000000	880000000	1007000000	2.673247
optimized	SRR7963242	PE	CHAIN_EXTENSION_DP	CHAIN_EXTENSION	2	18000000000	16000000000	19000000000	17000000000	15000000000	19000000000	0	0	0	0	0	0	2449000000	2223000000	2685000000	119000	101000	147000	0	0	0	1219000000	1146000000	1321000000	1.058824
optimized	SRR7963242	PE	MATE_REF_FETCH	MATE_RESCUE	3	319000000	295000000	336000000	216000000	200000000	228000000	0	0	0	0	0	0	33000000	31000000	35000000	40000	37000	47000	0	0	0	31000000	29000000	33000000	1.476852
optimized	SRR7963242	PE	MATE_KSW_ALIGN	MATE_RESCUE	3	35000000000	33000000000	37000000000	28000000000	26000000000	30000000000	0	0	0	0	0	0	3323000000	3131000000	3570000000	127000	106000	195000	0	0	0	1388000000	1298000000	1497000000	1.250000
optimized	SRR7963242	PE	KSW_QUERY_INIT_FORWARD	MATE_KSW_ALIGN	4	779000000	719000000	819000000	339000000	314000000	357000000	0	0	0	0	0	0	78000000	72000000	82000000	43000	36000	65000	0	0	0	80000000	73000000	86000000	2.297935
optimized	SRR7963242	PE	KSW_DP_FORWARD	MATE_KSW_ALIGN	4	26000000000	24000000000	28000000000	22000000000	20000000000	23000000000	0	0	0	0	0	0	2503000000	2338000000	2665000000	46000	39000	68000	0	0	0	1038000000	973000000	1119000000	1.181818
optimized	SRR7963242	PE	KSW_QUERY_INIT_REVERSE	MATE_KSW_ALIGN	4	508000000	474000000	550000000	219000000	204000000	236000000	0	0	0	0	0	0	50000000	46000000	54000000	5069	3992	9083	0	0	0	70000000	65000000	78000000	2.319635
optimized	SRR7963242	PE	KSW_DP_REVERSE	MATE_KSW_ALIGN	4	7174000000	6520000000	7988000000	5447000000	4952000000	6060000000	0	0	0	0	0	0	648000000	589000000	721000000	2325	1868	3143	0	0	0	162000000	149000000	177000000	1.317055
optimized	SRR7963242	PE	MATE_DEDUP	MATE_RESCUE	3	19000000000	16000000000	22000000000	10000000000	8473000000	12000000000	0	0	0	0	0	0	1583000000	1315000000	1836000000	10000	2954	114000	0	0	0	2949000000	2470000000	3373000000	1.900000
optimized	SRR7963242	SE	WORKER_ALIGNMENT		0	26000000000	26000000000	27000000000	15000000000	14000000000	15000000000	6458	5796	6953	0	0	0	1732000000	1615000000	1865000000	11000000	10000000	11000000	50	0	3200	4307000000	4124000000	4450000000	1.733333
optimized	SRR7963242	SE	MEM_CHAIN	WORKER_ALIGNMENT	1	13000000000	12000000000	14000000000	5517000000	5137000000	5975000000	0	0	0	0	0	0	325000000	304000000	351000000	10000000	9382000	11000000	0	0	0	1629000000	1519000000	1743000000	2.356353
optimized	SRR7963242	SE	CHAIN_FILTER	WORKER_ALIGNMENT	1	1726000000	1463000000	2186000000	743000000	596000000	900000000	0	0	0	0	0	0	185000000	148000000	224000000	178000	63000	552000	0	0	0	252000000	225000000	271000000	2.323015
optimized	SRR7963242	SE	CHAIN_EXTENSION	WORKER_ALIGNMENT	1	9327000000	8444000000	10000000000	7395000000	6493000000	8490000000	0	0	0	0	0	0	1084000000	956000000	1240000000	308000	276000	366000	0	0	0	1536000000	1454000000	1611000000	1.261258
optimized	SRR7963242	SE	ALIGNMENT_FINALIZE	WORKER_ALIGNMENT	1	587000000	519000000	635000000	291000000	252000000	321000000	0	0	0	0	0	0	45000000	39000000	51000000	603	399	1056	0	0	0	132000000	125000000	139000000	2.017182
optimized	SRR7963242	SE	MATE_RESCUE	SAM_FORMAT	2	0	0	0	0	0	0	0	0	0	0	0	0	0	0	0	0	0	0	0	0	0	0	0	0	nan
optimized	SRR7963242	SE	PAIRING	SAM_FORMAT	2	0	0	0	0	0	0	0	0	0	0	0	0	0	0	0	0	0	0	0	0	0	0	0	0	nan
optimized	SRR7963242	SE	SAM_FORMAT	WORKER_ALIGNMENT	1	1475000000	1363000000	1577000000	537000000	497000000	574000000	0	0	0	0	0	0	89000000	83000000	95000000	107000	99000	117000	0	0	0	681000000	618000000	732000000	2.746741
optimized	SRR7963242	SE	SAM_COPY		0	103000000	95000000	108000000	6118000	5468000	6615000	0	0	0	0	0	0	1168000	1045000	1263000	53000	47000	57000	0	0	0	1267000	1154000	1361000	16.835567
optimized	SRR7963242	SE	MEM_CHAIN_COLLECT	MEM_CHAIN	2	6417000000	5878000000	6952000000	3299000000	2998000000	3633000000	0	0	0	0	0	0	173000000	156000000	193000000	4987000	4565000	5327000	0	0	0	1082000000	992000000	1172000000	1.945135
optimized	SRR7963242	SE	MEM_CHAIN_BUILD	MEM_CHAIN	2	6530000000	6180000000	6971000000	2200000000	2082000000	2389000000	0	0	0	0	0	0	150000000	143000000	161000000	5123000	4746000	5434000	0	0	0	499000000	473000000	536000000	2.968182
optimized	SRR7963242	SE	CHAIN_EXTENSION_DP	CHAIN_EXTENSION	2	7139000000	6289000000	8188000000	6756000000	5864000000	7865000000	0	0	0	0	0	0	980000000	853000000	1138000000	55000	48000	77000	0	0	0	569000000	527000000	607000000	1.056690
optimized	SRR7963242	SE	MATE_REF_FETCH	MATE_RESCUE	3	0	0	0	0	0	0	0	0	0	0	0	0	0	0	0	0	0	0	0	0	0	0	0	0	nan
optimized	SRR7963242	SE	MATE_KSW_ALIGN	MATE_RESCUE	3	0	0	0	0	0	0	0	0	0	0	0	0	0	0	0	0	0	0	0	0	0	0	0	0	nan
optimized	SRR7963242	SE	KSW_QUERY_INIT_FORWARD	MATE_KSW_ALIGN	4	0	0	0	0	0	0	0	0	0	0	0	0	0	0	0	0	0	0	0	0	0	0	0	0	nan
optimized	SRR7963242	SE	KSW_DP_FORWARD	MATE_KSW_ALIGN	4	0	0	0	0	0	0	0	0	0	0	0	0	0	0	0	0	0	0	0	0	0	0	0	0	nan
optimized	SRR7963242	SE	KSW_QUERY_INIT_REVERSE	MATE_KSW_ALIGN	4	0	0	0	0	0	0	0	0	0	0	0	0	0	0	0	0	0	0	0	0	0	0	0	0	nan
optimized	SRR7963242	SE	KSW_DP_REVERSE	MATE_KSW_ALIGN	4	0	0	0	0	0	0	0	0	0	0	0	0	0	0	0	0	0	0	0	0	0	0	0	0	nan
optimized	SRR7963242	SE	MATE_DEDUP	MATE_RESCUE	3	0	0	0	0	0	0	0	0	0	0	0	0	0	0	0	0	0	0	0	0	0	0	0	0	nan
